Handle,Title,Body (HTML),Vendor,Product Category,Type,Tags,Published,Option1 Name,Option1 Value,Option2 Name,Option2 Value,Option3 Name,Option3 Value,Variant SKU,Variant Grams,Variant Inventory Tracker,Variant Inventory Qty,Variant Inventory Policy,Variant Fulfillment Service,Variant Price,Variant Compare At Price,Variant Requires Shipping,Variant Taxable,Variant Barcode,Image Src,Image Position,Image Alt Text,Gift Card,SEO Title,SEO Description,Google Shopping / Google Product Category,Google Shopping / Gender,Google Shopping / Age Group,Google Shopping / MPN,Google Shopping / AdWords Grouping,Google Shopping / AdWords Labels,Google Shopping / Condition,Google Shopping / Custom Product,Google Shopping / Custom Label 0,Google Shopping / Custom Label 1,Google Shopping / Custom Label 2,Google Shopping / Custom Label 3,Google Shopping / Custom Label 4,Variant Image,Variant Weight Unit,Variant Tax Code,Cost per item,Price / International,Compare At Price / International,Status
Cuppowood-SB42_BOT 2 RO,"Sink Base Cabinet (2RO) 42""W 34.5""H 24""D (SB42_BOT 2 RO)","Width:42, Height:34.5, Depth:24",,Furniture > Cabinets & Storage > Kitchen Cabinets,Base Cabinet,"sink_base_cabinet_2ro, 42W, 34.5H, 24D, sink, sink_base_cabinet",,Material,Pearl White HG,,,,,SB42_BOT 2 RO-MDPE3004-181S90,,,,deny,manual,784.7,,True,True,,https://s3.us-east-2.amazonaws.com/static.spaice.ca/share/cuppowood/Cabinet/SB_BOT_2RO-EBSR2.jpg,,,,,,,,,,,,,,,,,,,https://s3.us-east-2.amazonaws.com/static.spaice.ca/share/cuppowood/ConcatPhoto/SB_BOT_2RO-EBSR2--PearlWhiteHG.jpg,g,,,,,active
Cuppowood-SB42_BOT 2 RO,,,,,,,,Material,Winter Frost SM,,,,,SB42_BOT 2 RO-MDPE3035-181S36,,,,deny,manual,784.7,,True,True,,,,,,,,,,,,,,,,,,,,,https://s3.us-east-2.amazonaws.com/static.spaice.ca/share/cuppowood/ConcatPhoto/SB_BOT_2RO-EBSR2--WinterFrostSM.jpg,g,,,,,
Cuppowood-SB42_BOT 2 RO,,,,,,,,Material,Sun Grey HG,,,,,SB42_BOT 2 RO-MDPE3033-181S90,,,,deny,manual,784.7,,True,True,,,,,,,,,,,,,,,,,,,,,https://s3.us-east-2.amazonaws.com/static.spaice.ca/share/cuppowood/ConcatPhoto/SB_BOT_2RO-EBSR2--SunGreyHG.jpg,g,,,,,
Cuppowood-SB42_BOT 2 RO,,,,,,,,Material,Sun Grey SM,,,,,SB42_BOT 2 RO-MDPE3033-181S36,,,,deny,manual,784.7,,True,True,,,,,,,,,,,,,,,,,,,,,https://s3.us-east-2.amazonaws.com/static.spaice.ca/share/cuppowood/ConcatPhoto/SB_BOT_2RO-EBSR2--SunGreySM.jpg,g,,,,,
Cuppowood-SB42_BOT 2 RO,,,,,,,,Material,Stone Grey HG,,,,,SB42_BOT 2 RO-MDPE3020-181S90,,,,deny,manual,784.7,,True,True,,,,,,,,,,,,,,,,,,,,,https://s3.us-east-2.amazonaws.com/static.spaice.ca/share/cuppowood/ConcatPhoto/SB_BOT_2RO-EBSR2--StoneGreyHG.jpg,g,,,,,
Cuppowood-SB42_BOT 2 RO,,,,,,,,Material,Stone Grey SM,,,,,SB42_BOT 2 RO-MDPE3020-181S36,,,,deny,manual,784.7,,True,True,,,,,,,,,,,,,,,,,,,,,https://s3.us-east-2.amazonaws.com/static.spaice.ca/share/cuppowood/ConcatPhoto/SB_BOT_2RO-EBSR2--StoneGreySM.jpg,g,,,,,
Cuppowood-SB42_BOT 2 RO,,,,,,,,Material,Eclipse HG,,,,,SB42_BOT 2 RO-MDPE3023-181S90,,,,deny,manual,784.7,,True,True,,,,,,,,,,,,,,,,,,,,,https://s3.us-east-2.amazonaws.com/static.spaice.ca/share/cuppowood/ConcatPhoto/SB_BOT_2RO-EBSR2--EclipseHG.jpg,g,,,,,
Cuppowood-SB42_BOT 2 RO,,,,,,,,Material,Eclipse SM,,,,,SB42_BOT 2 RO-MDPE3023-181S36,,,,deny,manual,784.7,,True,True,,,,,,,,,,,,,,,,,,,,,https://s3.us-east-2.amazonaws.com/static.spaice.ca/share/cuppowood/ConcatPhoto/SB_BOT_2RO-EBSR2--EclipseSM.jpg,g,,,,,
Cuppowood-SB42_BOT 2 RO,,,,,,,,Material,Royal Blue HG,,,,,SB42_BOT 2 RO-MDPE3070-181S90,,,,deny,manual,784.7,,True,True,,,,,,,,,,,,,,,,,,,,,https://s3.us-east-2.amazonaws.com/static.spaice.ca/share/cuppowood/ConcatPhoto/SB_BOT_2RO-EBSR2--RoyalBlueHG.jpg,g,,,,,
Cuppowood-SB42_BOT 2 RO,,,,,,,,Material,Royal Blue SM,,,,,SB42_BOT 2 RO-MDPE3070-181S36,,,,deny,manual,784.7,,True,True,,,,,,,,,,,,,,,,,,,,,https://s3.us-east-2.amazonaws.com/static.spaice.ca/share/cuppowood/ConcatPhoto/SB_BOT_2RO-EBSR2--RoyalBlueSM.jpg,g,,,,,
Cuppowood-SB42_BOT 2 RO,,,,,,,,Material,Majestic HG,,,,,SB42_BOT 2 RO-MDPE3074-181S90,,,,deny,manual,784.7,,True,True,,,,,,,,,,,,,,,,,,,,,https://s3.us-east-2.amazonaws.com/static.spaice.ca/share/cuppowood/ConcatPhoto/SB_BOT_2RO-EBSR2--MajesticHG.jpg,g,,,,,
Cuppowood-SB42_BOT 2 RO,,,,,,,,Material,Majestic SM,,,,,SB42_BOT 2 RO-MDPE3074-181S36,,,,deny,manual,784.7,,True,True,,,,,,,,,,,,,,,,,,,,,https://s3.us-east-2.amazonaws.com/static.spaice.ca/share/cuppowood/ConcatPhoto/SB_BOT_2RO-EBSR2--MajesticSM.jpg,g,,,,,
Cuppowood-SB42_BOT 2 RO,,,,,,,,Material,Brushed Aluminum,,,,,SB42_BOT 2 RO-PBME0474T-192S58,,,,deny,manual,690.12,,True,True,,,,,,,,,,,,,,,,,,,,,https://s3.us-east-2.amazonaws.com/static.spaice.ca/share/cuppowood/ConcatPhoto/SB_BOT_2RO-EBSR2--BrushedAluminum.jpg,g,,,,,
Cuppowood-SB42_BOT 2 RO,,,,,,,,Material,River Rock,,,,,SB42_BOT 2 RO-PBME0538T-192S75,,,,deny,manual,690.12,,True,True,,,,,,,,,,,,,,,,,,,,,https://s3.us-east-2.amazonaws.com/static.spaice.ca/share/cuppowood/ConcatPhoto/SB_BOT_2RO-EBSR2--RiverRock.jpg,g,,,,,
Cuppowood-SB42_BOT 2 RO,,,,,,,,Material,Sheer Beauty,,,,,SB42_BOT 2 RO-PBME0581T-192S77,,,,deny,manual,690.12,,True,True,,,,,,,,,,,,,,,,,,,,,https://s3.us-east-2.amazonaws.com/static.spaice.ca/share/cuppowood/ConcatPhoto/SB_BOT_2RO-EBSR2--SheerBeauty.jpg,g,,,,,
Cuppowood-SB42_BOT 2 RO,,,,,,,,Material,Fashionista,,,,,SB42_BOT 2 RO-PBME0582T-192S77,,,,deny,manual,690.12,,True,True,,,,,,,,,,,,,,,,,,,,,https://s3.us-east-2.amazonaws.com/static.spaice.ca/share/cuppowood/ConcatPhoto/SB_BOT_2RO-EBSR2--Fashionista.jpg,g,,,,,
Cuppowood-SB42_BOT 2 RO,,,,,,,,Material,The Chameleon,,,,,SB42_BOT 2 RO-PBME0584T-192S77,,,,deny,manual,690.12,,True,True,,,,,,,,,,,,,,,,,,,,,https://s3.us-east-2.amazonaws.com/static.spaice.ca/share/cuppowood/ConcatPhoto/SB_BOT_2RO-EBSR2--TheChameleon.jpg,g,,,,,
Cuppowood-SB42_BOT 2 RO,,,,,,,,Material,Weekend Getaway,,,,,SB42_BOT 2 RO-PBME2003T-192S12,,,,deny,manual,706.31,,True,True,,,,,,,,,,,,,,,,,,,,,https://s3.us-east-2.amazonaws.com/static.spaice.ca/share/cuppowood/ConcatPhoto/SB_BOT_2RO-EBSR2--WeekendGetaway.jpg,g,,,,,
Cuppowood-SB42_BOT 2 RO,,,,,,,,Material,Winter Fun,,,,,SB42_BOT 2 RO-PBME2004T-192S12,,,,deny,manual,706.31,,True,True,,,,,,,,,,,,,,,,,,,,,https://s3.us-east-2.amazonaws.com/static.spaice.ca/share/cuppowood/ConcatPhoto/SB_BOT_2RO-EBSR2--WinterFun.jpg,g,,,,,
Cuppowood-SB42_BOT 2 RO,,,,,,,,Material,Casting at First Light,,,,,SB42_BOT 2 RO-PBME2007T-192S12,,,,deny,manual,706.31,,True,True,,,,,,,,,,,,,,,,,,,,,https://s3.us-east-2.amazonaws.com/static.spaice.ca/share/cuppowood/ConcatPhoto/SB_BOT_2RO-EBSR2--CastingatFirstLight.jpg,g,,,,,
Cuppowood-SB42_BOT 2 RO,,,,,,,,Material,Sugar on Ice,,,,,SB42_BOT 2 RO-PBME2014T-192S12,,,,deny,manual,706.31,,True,True,,,,,,,,,,,,,,,,,,,,,https://s3.us-east-2.amazonaws.com/static.spaice.ca/share/cuppowood/ConcatPhoto/SB_BOT_2RO-EBSR2--SugaronIce.jpg,g,,,,,
Cuppowood-SB42_BOT 2 RO,,,,,,,,Material,Gris Nube HG 1S,,,,,SB42_BOT 2 RO-MDMENUBEA-181S90,,,,deny,manual,908.61,,True,True,,,,,,,,,,,,,,,,,,,,,https://s3.us-east-2.amazonaws.com/static.spaice.ca/share/cuppowood/ConcatPhoto/SB_BOT_2RO-EBSR2--GrisNubeHG1S.jpg,g,,,,,
Cuppowood-SB42_BOT 2 RO,,,,,,,,Material,Olmo HG 1S ,,,,,SB42_BOT 2 RO-MDMEOLMOA-181S90,,,,deny,manual,908.61,,True,True,,,,,,,,,,,,,,,,,,,,,https://s3.us-east-2.amazonaws.com/static.spaice.ca/share/cuppowood/ConcatPhoto/SB_BOT_2RO-EBSR2--OlmoHG1S.jpg,g,,,,,
Cuppowood-SB42_BOT 2 RO,,,,,,,,Material,Como Ash 01 1S,,,,,SB42_BOT 2 RO-PBMECA01A-181S12,,,,deny,manual,739.29,,True,True,,,,,,,,,,,,,,,,,,,,,https://s3.us-east-2.amazonaws.com/static.spaice.ca/share/cuppowood/ConcatPhoto/SB_BOT_2RO-EBSR2--ComoAsh011S.jpg,g,,,,,
Cuppowood-SB42_BOT 2 RO,,,,,,,,Material,Como Ash 03 1S,,,,,SB42_BOT 2 RO-PBMECA03A-181S12,,,,deny,manual,739.29,,True,True,,,,,,,,,,,,,,,,,,,,,https://s3.us-east-2.amazonaws.com/static.spaice.ca/share/cuppowood/ConcatPhoto/SB_BOT_2RO-EBSR2--ComoAsh031S.jpg,g,,,,,
Cuppowood-SB42_BOT 2 RO,,,,,,,,Material,Ida 01 2S,,,,,SB42_BOT 2 RO-PBMEID01A-182S12,,,,deny,manual,706.31,,True,True,,,,,,,,,,,,,,,,,,,,,https://s3.us-east-2.amazonaws.com/static.spaice.ca/share/cuppowood/ConcatPhoto/SB_BOT_2RO-EBSR2--Ida012S.jpg,g,,,,,
Cuppowood-SB42_BOT 2 RO,,,,,,,,Material,Ida 03 2S,,,,,SB42_BOT 2 RO-PBMEID03A-182S12,,,,deny,manual,706.31,,True,True,,,,,,,,,,,,,,,,,,,,,https://s3.us-east-2.amazonaws.com/static.spaice.ca/share/cuppowood/ConcatPhoto/SB_BOT_2RO-EBSR2--Ida032S.jpg,g,,,,,
Cuppowood-SB42_BOT 2 RO,,,,,,,,Material,Roble Muratti 01 2S,,,,,SB42_BOT 2 RO-PBMEMU01A-182S12,,,,deny,manual,706.31,,True,True,,,,,,,,,,,,,,,,,,,,,https://s3.us-east-2.amazonaws.com/static.spaice.ca/share/cuppowood/ConcatPhoto/SB_BOT_2RO-EBSR2--RobleMuratti012S.jpg,g,,,,,
Cuppowood-SB42_BOT 2 RO,,,,,,,,Material,Roble Muratti 04 2S,,,,,SB42_BOT 2 RO-PBMEMU04A-182S12,,,,deny,manual,706.31,,True,True,,,,,,,,,,,,,,,,,,,,,https://s3.us-east-2.amazonaws.com/static.spaice.ca/share/cuppowood/ConcatPhoto/SB_BOT_2RO-EBSR2--RobleMuratti042S.jpg,g,,,,,
Cuppowood-SB42_BOT 2 RO,,,,,,,,Material,Gris Nube Zenit 1S,,,,,SB42_BOT 2 RO-MDMENUBEA-181S36,,,,deny,manual,908.61,,True,True,,,,,,,,,,,,,,,,,,,,,https://s3.us-east-2.amazonaws.com/static.spaice.ca/share/cuppowood/ConcatPhoto/SB_BOT_2RO-EBSR2--GrisNubeZenit1S.jpg,g,,,,,
Cuppowood-SB42_BOT 2 RO,,,,,,,,Material,Factory 01 1S,,,,,SB42_BOT 2 RO-PBME0F01-181S72,,,,deny,manual,751.4,,True,True,,,,,,,,,,,,,,,,,,,,,https://s3.us-east-2.amazonaws.com/static.spaice.ca/share/cuppowood/ConcatPhoto/SB_BOT_2RO-EBSR2--Factory011S.jpg,g,,,,,
Cuppowood-SB42_BOT 2 RO,,,,,,,,Material,Factory 02 1S,,,,,SB42_BOT 2 RO-PBME0F02-181S72,,,,deny,manual,751.4,,True,True,,,,,,,,,,,,,,,,,,,,,https://s3.us-east-2.amazonaws.com/static.spaice.ca/share/cuppowood/ConcatPhoto/SB_BOT_2RO-EBSR2--Factory021S.jpg,g,,,,,
Cuppowood-SB42_BOT 2 RO,,,,,,,,Material,Sand Gladstone Oak,,,,,SB42_BOT 2 RO-H3309 ST28,,,,deny,manual,784.7,,True,True,,,,,,,,,,,,,,,,,,,,,https://s3.us-east-2.amazonaws.com/static.spaice.ca/share/cuppowood/ConcatPhoto/SB_BOT_2RO-EBSR2--SandGladstoneOak.jpg,g,,,,,
Cuppowood-SB42_BOT 2 RO,,,,,,,,Material,Grey-Beige Gladstone Oak,,,,,SB42_BOT 2 RO-H3326 ST28,,,,deny,manual,784.7,,True,True,,,,,,,,,,,,,,,,,,,,,https://s3.us-east-2.amazonaws.com/static.spaice.ca/share/cuppowood/ConcatPhoto/SB_BOT_2RO-EBSR2--GreyBeigeGladstoneOak.jpg,g,,,,,
Cuppowood-SB42_BOT 2 RO,,,,,,,,Material,Brown Tossini Elm,,,,,SB42_BOT 2 RO-H1212 ST33,,,,deny,manual,784.7,,True,True,,,,,,,,,,,,,,,,,,,,,https://s3.us-east-2.amazonaws.com/static.spaice.ca/share/cuppowood/ConcatPhoto/SB_BOT_2RO-EBSR2--BrownTossiniElm.jpg,g,,,,,
Cuppowood-SB42_BOT 2 RO,,,,,,,,Material,Tobacco Gladstone Oak,,,,,SB42_BOT 2 RO-H3325 ST28,,,,deny,manual,784.7,,True,True,,,,,,,,,,,,,,,,,,,,,https://s3.us-east-2.amazonaws.com/static.spaice.ca/share/cuppowood/ConcatPhoto/SB_BOT_2RO-EBSR2--TobaccoGladstoneOak.jpg,g,,,,,
Cuppowood-SB42_BOT 2 RO,,,,,,,,Material,Tobacco Halifax Oak,,,,,SB42_BOT 2 RO-H1181 ST37,,,,deny,manual,784.7,,True,True,,,,,,,,,,,,,,,,,,,,,https://s3.us-east-2.amazonaws.com/static.spaice.ca/share/cuppowood/ConcatPhoto/SB_BOT_2RO-EBSR2--TobaccoHalifaxOak.jpg,g,,,,,
Cuppowood-SB42_BOT 2 RO,,,,,,,,Material,Black Halifax Oak,,,,,SB42_BOT 2 RO-H3182 ST37,,,,deny,manual,784.7,,True,True,,,,,,,,,,,,,,,,,,,,,https://s3.us-east-2.amazonaws.com/static.spaice.ca/share/cuppowood/ConcatPhoto/SB_BOT_2RO-EBSR2--BlackHalifaxOak.jpg,g,,,,,
Cuppowood-SB42_BOT 2 RO,,,,,,,,Material,Natural Halifax Oak,,,,,SB42_BOT 2 RO-H1180 ST37,,,,deny,manual,784.7,,True,True,,,,,,,,,,,,,,,,,,,,,https://s3.us-east-2.amazonaws.com/static.spaice.ca/share/cuppowood/ConcatPhoto/SB_BOT_2RO-EBSR2--NaturalHalifaxOak.jpg,g,,,,,
Cuppowood-SB42_BOT 2 RO,,,,,,,,Material,White Halifax Oak,,,,,SB42_BOT 2 RO-H1176 ST37,,,,deny,manual,784.7,,True,True,,,,,,,,,,,,,,,,,,,,,https://s3.us-east-2.amazonaws.com/static.spaice.ca/share/cuppowood/ConcatPhoto/SB_BOT_2RO-EBSR2--WhiteHalifaxOak.jpg,g,,,,,
Cuppowood-PC129624_3 RO ,"24"" Deep Pantry (3RO) 12""W 96""H 24""D (PC129624_3 RO )","Width:12, Height:96, Depth:24",,Furniture > Cabinets & Storage > Kitchen Cabinets,Pantry,"24_deep_pantry, 12W, 96H, D24D, 24_deep_pantry_3_ro",,Material,Pearl White HG,,,,,PC129624_3 RO -MDPE3004-181S90,,,,deny,manual,1021.95,,True,True,,https://s3.us-east-2.amazonaws.com/static.spaice.ca/share/cuppowood/Cabinet/PC_3RO-EPTR3_SINGLEDOOR.jpg,,,,,,,,,,,,,,,,,,,https://s3.us-east-2.amazonaws.com/static.spaice.ca/share/cuppowood/ConcatPhoto/PC_3RO-EPTR3_SINGLEDOOR--PearlWhiteHG.jpg,g,,,,,active
Cuppowood-PC129624_3 RO ,,,,,,,,Material,Winter Frost SM,,,,,PC129624_3 RO -MDPE3035-181S36,,,,deny,manual,1021.95,,True,True,,,,,,,,,,,,,,,,,,,,,https://s3.us-east-2.amazonaws.com/static.spaice.ca/share/cuppowood/ConcatPhoto/PC_3RO-EPTR3_SINGLEDOOR--WinterFrostSM.jpg,g,,,,,
Cuppowood-PC129624_3 RO ,,,,,,,,Material,Sun Grey HG,,,,,PC129624_3 RO -MDPE3033-181S90,,,,deny,manual,1021.95,,True,True,,,,,,,,,,,,,,,,,,,,,https://s3.us-east-2.amazonaws.com/static.spaice.ca/share/cuppowood/ConcatPhoto/PC_3RO-EPTR3_SINGLEDOOR--SunGreyHG.jpg,g,,,,,
Cuppowood-PC129624_3 RO ,,,,,,,,Material,Sun Grey SM,,,,,PC129624_3 RO -MDPE3033-181S36,,,,deny,manual,1021.95,,True,True,,,,,,,,,,,,,,,,,,,,,https://s3.us-east-2.amazonaws.com/static.spaice.ca/share/cuppowood/ConcatPhoto/PC_3RO-EPTR3_SINGLEDOOR--SunGreySM.jpg,g,,,,,
Cuppowood-PC129624_3 RO ,,,,,,,,Material,Stone Grey HG,,,,,PC129624_3 RO -MDPE3020-181S90,,,,deny,manual,1021.95,,True,True,,,,,,,,,,,,,,,,,,,,,https://s3.us-east-2.amazonaws.com/static.spaice.ca/share/cuppowood/ConcatPhoto/PC_3RO-EPTR3_SINGLEDOOR--StoneGreyHG.jpg,g,,,,,
Cuppowood-PC129624_3 RO ,,,,,,,,Material,Stone Grey SM,,,,,PC129624_3 RO -MDPE3020-181S36,,,,deny,manual,1021.95,,True,True,,,,,,,,,,,,,,,,,,,,,https://s3.us-east-2.amazonaws.com/static.spaice.ca/share/cuppowood/ConcatPhoto/PC_3RO-EPTR3_SINGLEDOOR--StoneGreySM.jpg,g,,,,,
Cuppowood-PC129624_3 RO ,,,,,,,,Material,Eclipse HG,,,,,PC129624_3 RO -MDPE3023-181S90,,,,deny,manual,1021.95,,True,True,,,,,,,,,,,,,,,,,,,,,https://s3.us-east-2.amazonaws.com/static.spaice.ca/share/cuppowood/ConcatPhoto/PC_3RO-EPTR3_SINGLEDOOR--EclipseHG.jpg,g,,,,,
Cuppowood-PC129624_3 RO ,,,,,,,,Material,Eclipse SM,,,,,PC129624_3 RO -MDPE3023-181S36,,,,deny,manual,1021.95,,True,True,,,,,,,,,,,,,,,,,,,,,https://s3.us-east-2.amazonaws.com/static.spaice.ca/share/cuppowood/ConcatPhoto/PC_3RO-EPTR3_SINGLEDOOR--EclipseSM.jpg,g,,,,,
Cuppowood-PC129624_3 RO ,,,,,,,,Material,Royal Blue HG,,,,,PC129624_3 RO -MDPE3070-181S90,,,,deny,manual,1021.95,,True,True,,,,,,,,,,,,,,,,,,,,,https://s3.us-east-2.amazonaws.com/static.spaice.ca/share/cuppowood/ConcatPhoto/PC_3RO-EPTR3_SINGLEDOOR--RoyalBlueHG.jpg,g,,,,,
Cuppowood-PC129624_3 RO ,,,,,,,,Material,Royal Blue SM,,,,,PC129624_3 RO -MDPE3070-181S36,,,,deny,manual,1021.95,,True,True,,,,,,,,,,,,,,,,,,,,,https://s3.us-east-2.amazonaws.com/static.spaice.ca/share/cuppowood/ConcatPhoto/PC_3RO-EPTR3_SINGLEDOOR--RoyalBlueSM.jpg,g,,,,,
Cuppowood-PC129624_3 RO ,,,,,,,,Material,Majestic HG,,,,,PC129624_3 RO -MDPE3074-181S90,,,,deny,manual,1021.95,,True,True,,,,,,,,,,,,,,,,,,,,,https://s3.us-east-2.amazonaws.com/static.spaice.ca/share/cuppowood/ConcatPhoto/PC_3RO-EPTR3_SINGLEDOOR--MajesticHG.jpg,g,,,,,
Cuppowood-PC129624_3 RO ,,,,,,,,Material,Majestic SM,,,,,PC129624_3 RO -MDPE3074-181S36,,,,deny,manual,1021.95,,True,True,,,,,,,,,,,,,,,,,,,,,https://s3.us-east-2.amazonaws.com/static.spaice.ca/share/cuppowood/ConcatPhoto/PC_3RO-EPTR3_SINGLEDOOR--MajesticSM.jpg,g,,,,,
Cuppowood-PC129624_3 RO ,,,,,,,,Material,Brushed Aluminum,,,,,PC129624_3 RO -PBME0474T-192S58,,,,deny,manual,941.95,,True,True,,,,,,,,,,,,,,,,,,,,,https://s3.us-east-2.amazonaws.com/static.spaice.ca/share/cuppowood/ConcatPhoto/PC_3RO-EPTR3_SINGLEDOOR--BrushedAluminum.jpg,g,,,,,
Cuppowood-PC129624_3 RO ,,,,,,,,Material,River Rock,,,,,PC129624_3 RO -PBME0538T-192S75,,,,deny,manual,941.95,,True,True,,,,,,,,,,,,,,,,,,,,,https://s3.us-east-2.amazonaws.com/static.spaice.ca/share/cuppowood/ConcatPhoto/PC_3RO-EPTR3_SINGLEDOOR--RiverRock.jpg,g,,,,,
Cuppowood-PC129624_3 RO ,,,,,,,,Material,Sheer Beauty,,,,,PC129624_3 RO -PBME0581T-192S77,,,,deny,manual,941.95,,True,True,,,,,,,,,,,,,,,,,,,,,https://s3.us-east-2.amazonaws.com/static.spaice.ca/share/cuppowood/ConcatPhoto/PC_3RO-EPTR3_SINGLEDOOR--SheerBeauty.jpg,g,,,,,
Cuppowood-PC129624_3 RO ,,,,,,,,Material,Fashionista,,,,,PC129624_3 RO -PBME0582T-192S77,,,,deny,manual,941.95,,True,True,,,,,,,,,,,,,,,,,,,,,https://s3.us-east-2.amazonaws.com/static.spaice.ca/share/cuppowood/ConcatPhoto/PC_3RO-EPTR3_SINGLEDOOR--Fashionista.jpg,g,,,,,
Cuppowood-PC129624_3 RO ,,,,,,,,Material,The Chameleon,,,,,PC129624_3 RO -PBME0584T-192S77,,,,deny,manual,941.95,,True,True,,,,,,,,,,,,,,,,,,,,,https://s3.us-east-2.amazonaws.com/static.spaice.ca/share/cuppowood/ConcatPhoto/PC_3RO-EPTR3_SINGLEDOOR--TheChameleon.jpg,g,,,,,
Cuppowood-PC129624_3 RO ,,,,,,,,Material,Weekend Getaway,,,,,PC129624_3 RO -PBME2003T-192S12,,,,deny,manual,955.71,,True,True,,,,,,,,,,,,,,,,,,,,,https://s3.us-east-2.amazonaws.com/static.spaice.ca/share/cuppowood/ConcatPhoto/PC_3RO-EPTR3_SINGLEDOOR--WeekendGetaway.jpg,g,,,,,
Cuppowood-PC129624_3 RO ,,,,,,,,Material,Winter Fun,,,,,PC129624_3 RO -PBME2004T-192S12,,,,deny,manual,955.71,,True,True,,,,,,,,,,,,,,,,,,,,,https://s3.us-east-2.amazonaws.com/static.spaice.ca/share/cuppowood/ConcatPhoto/PC_3RO-EPTR3_SINGLEDOOR--WinterFun.jpg,g,,,,,
Cuppowood-PC129624_3 RO ,,,,,,,,Material,Casting at First Light,,,,,PC129624_3 RO -PBME2007T-192S12,,,,deny,manual,955.71,,True,True,,,,,,,,,,,,,,,,,,,,,https://s3.us-east-2.amazonaws.com/static.spaice.ca/share/cuppowood/ConcatPhoto/PC_3RO-EPTR3_SINGLEDOOR--CastingatFirstLight.jpg,g,,,,,
Cuppowood-PC129624_3 RO ,,,,,,,,Material,Sugar on Ice,,,,,PC129624_3 RO -PBME2014T-192S12,,,,deny,manual,955.71,,True,True,,,,,,,,,,,,,,,,,,,,,https://s3.us-east-2.amazonaws.com/static.spaice.ca/share/cuppowood/ConcatPhoto/PC_3RO-EPTR3_SINGLEDOOR--SugaronIce.jpg,g,,,,,
Cuppowood-PC129624_3 RO ,,,,,,,,Material,Gris Nube HG 1S,,,,,PC129624_3 RO -MDMENUBEA-181S90,,,,deny,manual,1129.12,,True,True,,,,,,,,,,,,,,,,,,,,,https://s3.us-east-2.amazonaws.com/static.spaice.ca/share/cuppowood/ConcatPhoto/PC_3RO-EPTR3_SINGLEDOOR--GrisNubeHG1S.jpg,g,,,,,
Cuppowood-PC129624_3 RO ,,,,,,,,Material,Olmo HG 1S ,,,,,PC129624_3 RO -MDMEOLMOA-181S90,,,,deny,manual,1129.12,,True,True,,,,,,,,,,,,,,,,,,,,,https://s3.us-east-2.amazonaws.com/static.spaice.ca/share/cuppowood/ConcatPhoto/PC_3RO-EPTR3_SINGLEDOOR--OlmoHG1S.jpg,g,,,,,
Cuppowood-PC129624_3 RO ,,,,,,,,Material,Como Ash 01 1S,,,,,PC129624_3 RO -PBMECA01A-181S12,,,,deny,manual,983.39,,True,True,,,,,,,,,,,,,,,,,,,,,https://s3.us-east-2.amazonaws.com/static.spaice.ca/share/cuppowood/ConcatPhoto/PC_3RO-EPTR3_SINGLEDOOR--ComoAsh011S.jpg,g,,,,,
Cuppowood-PC129624_3 RO ,,,,,,,,Material,Como Ash 03 1S,,,,,PC129624_3 RO -PBMECA03A-181S12,,,,deny,manual,983.39,,True,True,,,,,,,,,,,,,,,,,,,,,https://s3.us-east-2.amazonaws.com/static.spaice.ca/share/cuppowood/ConcatPhoto/PC_3RO-EPTR3_SINGLEDOOR--ComoAsh031S.jpg,g,,,,,
Cuppowood-PC129624_3 RO ,,,,,,,,Material,Ida 01 2S,,,,,PC129624_3 RO -PBMEID01A-182S12,,,,deny,manual,955.71,,True,True,,,,,,,,,,,,,,,,,,,,,https://s3.us-east-2.amazonaws.com/static.spaice.ca/share/cuppowood/ConcatPhoto/PC_3RO-EPTR3_SINGLEDOOR--Ida012S.jpg,g,,,,,
Cuppowood-PC129624_3 RO ,,,,,,,,Material,Ida 03 2S,,,,,PC129624_3 RO -PBMEID03A-182S12,,,,deny,manual,955.71,,True,True,,,,,,,,,,,,,,,,,,,,,https://s3.us-east-2.amazonaws.com/static.spaice.ca/share/cuppowood/ConcatPhoto/PC_3RO-EPTR3_SINGLEDOOR--Ida032S.jpg,g,,,,,
Cuppowood-PC129624_3 RO ,,,,,,,,Material,Roble Muratti 01 2S,,,,,PC129624_3 RO -PBMEMU01A-182S12,,,,deny,manual,955.71,,True,True,,,,,,,,,,,,,,,,,,,,,https://s3.us-east-2.amazonaws.com/static.spaice.ca/share/cuppowood/ConcatPhoto/PC_3RO-EPTR3_SINGLEDOOR--RobleMuratti012S.jpg,g,,,,,
Cuppowood-PC129624_3 RO ,,,,,,,,Material,Roble Muratti 04 2S,,,,,PC129624_3 RO -PBMEMU04A-182S12,,,,deny,manual,955.71,,True,True,,,,,,,,,,,,,,,,,,,,,https://s3.us-east-2.amazonaws.com/static.spaice.ca/share/cuppowood/ConcatPhoto/PC_3RO-EPTR3_SINGLEDOOR--RobleMuratti042S.jpg,g,,,,,
Cuppowood-PC129624_3 RO ,,,,,,,,Material,Gris Nube Zenit 1S,,,,,PC129624_3 RO -MDMENUBEA-181S36,,,,deny,manual,1129.12,,True,True,,,,,,,,,,,,,,,,,,,,,https://s3.us-east-2.amazonaws.com/static.spaice.ca/share/cuppowood/ConcatPhoto/PC_3RO-EPTR3_SINGLEDOOR--GrisNubeZenit1S.jpg,g,,,,,
Cuppowood-PC129624_3 RO ,,,,,,,,Material,Factory 01 1S,,,,,PC129624_3 RO -PBME0F01-181S72,,,,deny,manual,993.67,,True,True,,,,,,,,,,,,,,,,,,,,,https://s3.us-east-2.amazonaws.com/static.spaice.ca/share/cuppowood/ConcatPhoto/PC_3RO-EPTR3_SINGLEDOOR--Factory011S.jpg,g,,,,,
Cuppowood-PC129624_3 RO ,,,,,,,,Material,Factory 02 1S,,,,,PC129624_3 RO -PBME0F02-181S72,,,,deny,manual,993.67,,True,True,,,,,,,,,,,,,,,,,,,,,https://s3.us-east-2.amazonaws.com/static.spaice.ca/share/cuppowood/ConcatPhoto/PC_3RO-EPTR3_SINGLEDOOR--Factory021S.jpg,g,,,,,
Cuppowood-PC129624_3 RO ,,,,,,,,Material,Sand Gladstone Oak,,,,,PC129624_3 RO -H3309 ST28,,,,deny,manual,1021.95,,True,True,,,,,,,,,,,,,,,,,,,,,https://s3.us-east-2.amazonaws.com/static.spaice.ca/share/cuppowood/ConcatPhoto/PC_3RO-EPTR3_SINGLEDOOR--SandGladstoneOak.jpg,g,,,,,
Cuppowood-PC129624_3 RO ,,,,,,,,Material,Grey-Beige Gladstone Oak,,,,,PC129624_3 RO -H3326 ST28,,,,deny,manual,1021.95,,True,True,,,,,,,,,,,,,,,,,,,,,https://s3.us-east-2.amazonaws.com/static.spaice.ca/share/cuppowood/ConcatPhoto/PC_3RO-EPTR3_SINGLEDOOR--GreyBeigeGladstoneOak.jpg,g,,,,,
Cuppowood-PC129624_3 RO ,,,,,,,,Material,Brown Tossini Elm,,,,,PC129624_3 RO -H1212 ST33,,,,deny,manual,1021.95,,True,True,,,,,,,,,,,,,,,,,,,,,https://s3.us-east-2.amazonaws.com/static.spaice.ca/share/cuppowood/ConcatPhoto/PC_3RO-EPTR3_SINGLEDOOR--BrownTossiniElm.jpg,g,,,,,
Cuppowood-PC129624_3 RO ,,,,,,,,Material,Tobacco Gladstone Oak,,,,,PC129624_3 RO -H3325 ST28,,,,deny,manual,1021.95,,True,True,,,,,,,,,,,,,,,,,,,,,https://s3.us-east-2.amazonaws.com/static.spaice.ca/share/cuppowood/ConcatPhoto/PC_3RO-EPTR3_SINGLEDOOR--TobaccoGladstoneOak.jpg,g,,,,,
Cuppowood-PC129624_3 RO ,,,,,,,,Material,Tobacco Halifax Oak,,,,,PC129624_3 RO -H1181 ST37,,,,deny,manual,1021.95,,True,True,,,,,,,,,,,,,,,,,,,,,https://s3.us-east-2.amazonaws.com/static.spaice.ca/share/cuppowood/ConcatPhoto/PC_3RO-EPTR3_SINGLEDOOR--TobaccoHalifaxOak.jpg,g,,,,,
Cuppowood-PC129624_3 RO ,,,,,,,,Material,Black Halifax Oak,,,,,PC129624_3 RO -H3182 ST37,,,,deny,manual,1021.95,,True,True,,,,,,,,,,,,,,,,,,,,,https://s3.us-east-2.amazonaws.com/static.spaice.ca/share/cuppowood/ConcatPhoto/PC_3RO-EPTR3_SINGLEDOOR--BlackHalifaxOak.jpg,g,,,,,
Cuppowood-PC129624_3 RO ,,,,,,,,Material,Natural Halifax Oak,,,,,PC129624_3 RO -H1180 ST37,,,,deny,manual,1021.95,,True,True,,,,,,,,,,,,,,,,,,,,,https://s3.us-east-2.amazonaws.com/static.spaice.ca/share/cuppowood/ConcatPhoto/PC_3RO-EPTR3_SINGLEDOOR--NaturalHalifaxOak.jpg,g,,,,,
Cuppowood-PC129624_3 RO ,,,,,,,,Material,White Halifax Oak,,,,,PC129624_3 RO -H1176 ST37,,,,deny,manual,1021.95,,True,True,,,,,,,,,,,,,,,,,,,,,https://s3.us-east-2.amazonaws.com/static.spaice.ca/share/cuppowood/ConcatPhoto/PC_3RO-EPTR3_SINGLEDOOR--WhiteHalifaxOak.jpg,g,,,,,
Cuppowood-PC159324_3 RO,"24"" Deep Pantry (3RO) 15""W 93""H 24""D (PC159324_3 RO)","Width:15, Height:93, Depth:24",,Furniture > Cabinets & Storage > Kitchen Cabinets,Pantry,"24_deep_pantry, 15W, 93H, D24D, 24_deep_pantry_3_ro",,Material,Pearl White HG,,,,,PC159324_3 RO-MDPE3004-181S90,,,,deny,manual,1146.36,,True,True,,https://s3.us-east-2.amazonaws.com/static.spaice.ca/share/cuppowood/Cabinet/PC_3RO-EPTR3_SINGLEDOOR.jpg,,,,,,,,,,,,,,,,,,,https://s3.us-east-2.amazonaws.com/static.spaice.ca/share/cuppowood/ConcatPhoto/PC_3RO-EPTR3_SINGLEDOOR--PearlWhiteHG.jpg,g,,,,,active
Cuppowood-PC159324_3 RO,,,,,,,,Material,Winter Frost SM,,,,,PC159324_3 RO-MDPE3035-181S36,,,,deny,manual,1146.36,,True,True,,,,,,,,,,,,,,,,,,,,,https://s3.us-east-2.amazonaws.com/static.spaice.ca/share/cuppowood/ConcatPhoto/PC_3RO-EPTR3_SINGLEDOOR--WinterFrostSM.jpg,g,,,,,
Cuppowood-PC159324_3 RO,,,,,,,,Material,Sun Grey HG,,,,,PC159324_3 RO-MDPE3033-181S90,,,,deny,manual,1146.36,,True,True,,,,,,,,,,,,,,,,,,,,,https://s3.us-east-2.amazonaws.com/static.spaice.ca/share/cuppowood/ConcatPhoto/PC_3RO-EPTR3_SINGLEDOOR--SunGreyHG.jpg,g,,,,,
Cuppowood-PC159324_3 RO,,,,,,,,Material,Sun Grey SM,,,,,PC159324_3 RO-MDPE3033-181S36,,,,deny,manual,1146.36,,True,True,,,,,,,,,,,,,,,,,,,,,https://s3.us-east-2.amazonaws.com/static.spaice.ca/share/cuppowood/ConcatPhoto/PC_3RO-EPTR3_SINGLEDOOR--SunGreySM.jpg,g,,,,,
Cuppowood-PC159324_3 RO,,,,,,,,Material,Stone Grey HG,,,,,PC159324_3 RO-MDPE3020-181S90,,,,deny,manual,1146.36,,True,True,,,,,,,,,,,,,,,,,,,,,https://s3.us-east-2.amazonaws.com/static.spaice.ca/share/cuppowood/ConcatPhoto/PC_3RO-EPTR3_SINGLEDOOR--StoneGreyHG.jpg,g,,,,,
Cuppowood-PC159324_3 RO,,,,,,,,Material,Stone Grey SM,,,,,PC159324_3 RO-MDPE3020-181S36,,,,deny,manual,1146.36,,True,True,,,,,,,,,,,,,,,,,,,,,https://s3.us-east-2.amazonaws.com/static.spaice.ca/share/cuppowood/ConcatPhoto/PC_3RO-EPTR3_SINGLEDOOR--StoneGreySM.jpg,g,,,,,
Cuppowood-PC159324_3 RO,,,,,,,,Material,Eclipse HG,,,,,PC159324_3 RO-MDPE3023-181S90,,,,deny,manual,1146.36,,True,True,,,,,,,,,,,,,,,,,,,,,https://s3.us-east-2.amazonaws.com/static.spaice.ca/share/cuppowood/ConcatPhoto/PC_3RO-EPTR3_SINGLEDOOR--EclipseHG.jpg,g,,,,,
Cuppowood-PC159324_3 RO,,,,,,,,Material,Eclipse SM,,,,,PC159324_3 RO-MDPE3023-181S36,,,,deny,manual,1146.36,,True,True,,,,,,,,,,,,,,,,,,,,,https://s3.us-east-2.amazonaws.com/static.spaice.ca/share/cuppowood/ConcatPhoto/PC_3RO-EPTR3_SINGLEDOOR--EclipseSM.jpg,g,,,,,
Cuppowood-PC159324_3 RO,,,,,,,,Material,Royal Blue HG,,,,,PC159324_3 RO-MDPE3070-181S90,,,,deny,manual,1146.36,,True,True,,,,,,,,,,,,,,,,,,,,,https://s3.us-east-2.amazonaws.com/static.spaice.ca/share/cuppowood/ConcatPhoto/PC_3RO-EPTR3_SINGLEDOOR--RoyalBlueHG.jpg,g,,,,,
Cuppowood-PC159324_3 RO,,,,,,,,Material,Royal Blue SM,,,,,PC159324_3 RO-MDPE3070-181S36,,,,deny,manual,1146.36,,True,True,,,,,,,,,,,,,,,,,,,,,https://s3.us-east-2.amazonaws.com/static.spaice.ca/share/cuppowood/ConcatPhoto/PC_3RO-EPTR3_SINGLEDOOR--RoyalBlueSM.jpg,g,,,,,
Cuppowood-PC159324_3 RO,,,,,,,,Material,Majestic HG,,,,,PC159324_3 RO-MDPE3074-181S90,,,,deny,manual,1146.36,,True,True,,,,,,,,,,,,,,,,,,,,,https://s3.us-east-2.amazonaws.com/static.spaice.ca/share/cuppowood/ConcatPhoto/PC_3RO-EPTR3_SINGLEDOOR--MajesticHG.jpg,g,,,,,
Cuppowood-PC159324_3 RO,,,,,,,,Material,Majestic SM,,,,,PC159324_3 RO-MDPE3074-181S36,,,,deny,manual,1146.36,,True,True,,,,,,,,,,,,,,,,,,,,,https://s3.us-east-2.amazonaws.com/static.spaice.ca/share/cuppowood/ConcatPhoto/PC_3RO-EPTR3_SINGLEDOOR--MajesticSM.jpg,g,,,,,
Cuppowood-PC159324_3 RO,,,,,,,,Material,Brushed Aluminum,,,,,PC159324_3 RO-PBME0474T-192S58,,,,deny,manual,1056.5,,True,True,,,,,,,,,,,,,,,,,,,,,https://s3.us-east-2.amazonaws.com/static.spaice.ca/share/cuppowood/ConcatPhoto/PC_3RO-EPTR3_SINGLEDOOR--BrushedAluminum.jpg,g,,,,,
Cuppowood-PC159324_3 RO,,,,,,,,Material,River Rock,,,,,PC159324_3 RO-PBME0538T-192S75,,,,deny,manual,1056.5,,True,True,,,,,,,,,,,,,,,,,,,,,https://s3.us-east-2.amazonaws.com/static.spaice.ca/share/cuppowood/ConcatPhoto/PC_3RO-EPTR3_SINGLEDOOR--RiverRock.jpg,g,,,,,
Cuppowood-PC159324_3 RO,,,,,,,,Material,Sheer Beauty,,,,,PC159324_3 RO-PBME0581T-192S77,,,,deny,manual,1056.5,,True,True,,,,,,,,,,,,,,,,,,,,,https://s3.us-east-2.amazonaws.com/static.spaice.ca/share/cuppowood/ConcatPhoto/PC_3RO-EPTR3_SINGLEDOOR--SheerBeauty.jpg,g,,,,,
Cuppowood-PC159324_3 RO,,,,,,,,Material,Fashionista,,,,,PC159324_3 RO-PBME0582T-192S77,,,,deny,manual,1056.5,,True,True,,,,,,,,,,,,,,,,,,,,,https://s3.us-east-2.amazonaws.com/static.spaice.ca/share/cuppowood/ConcatPhoto/PC_3RO-EPTR3_SINGLEDOOR--Fashionista.jpg,g,,,,,
Cuppowood-PC159324_3 RO,,,,,,,,Material,The Chameleon,,,,,PC159324_3 RO-PBME0584T-192S77,,,,deny,manual,1056.5,,True,True,,,,,,,,,,,,,,,,,,,,,https://s3.us-east-2.amazonaws.com/static.spaice.ca/share/cuppowood/ConcatPhoto/PC_3RO-EPTR3_SINGLEDOOR--TheChameleon.jpg,g,,,,,
Cuppowood-PC159324_3 RO,,,,,,,,Material,Weekend Getaway,,,,,PC159324_3 RO-PBME2003T-192S12,,,,deny,manual,1072.68,,True,True,,,,,,,,,,,,,,,,,,,,,https://s3.us-east-2.amazonaws.com/static.spaice.ca/share/cuppowood/ConcatPhoto/PC_3RO-EPTR3_SINGLEDOOR--WeekendGetaway.jpg,g,,,,,
Cuppowood-PC159324_3 RO,,,,,,,,Material,Winter Fun,,,,,PC159324_3 RO-PBME2004T-192S12,,,,deny,manual,1072.68,,True,True,,,,,,,,,,,,,,,,,,,,,https://s3.us-east-2.amazonaws.com/static.spaice.ca/share/cuppowood/ConcatPhoto/PC_3RO-EPTR3_SINGLEDOOR--WinterFun.jpg,g,,,,,
Cuppowood-PC159324_3 RO,,,,,,,,Material,Casting at First Light,,,,,PC159324_3 RO-PBME2007T-192S12,,,,deny,manual,1072.68,,True,True,,,,,,,,,,,,,,,,,,,,,https://s3.us-east-2.amazonaws.com/static.spaice.ca/share/cuppowood/ConcatPhoto/PC_3RO-EPTR3_SINGLEDOOR--CastingatFirstLight.jpg,g,,,,,
Cuppowood-PC159324_3 RO,,,,,,,,Material,Sugar on Ice,,,,,PC159324_3 RO-PBME2014T-192S12,,,,deny,manual,1072.68,,True,True,,,,,,,,,,,,,,,,,,,,,https://s3.us-east-2.amazonaws.com/static.spaice.ca/share/cuppowood/ConcatPhoto/PC_3RO-EPTR3_SINGLEDOOR--SugaronIce.jpg,g,,,,,
Cuppowood-PC159324_3 RO,,,,,,,,Material,Gris Nube HG 1S,,,,,PC159324_3 RO-MDMENUBEA-181S90,,,,deny,manual,1273.78,,True,True,,,,,,,,,,,,,,,,,,,,,https://s3.us-east-2.amazonaws.com/static.spaice.ca/share/cuppowood/ConcatPhoto/PC_3RO-EPTR3_SINGLEDOOR--GrisNubeHG1S.jpg,g,,,,,
Cuppowood-PC159324_3 RO,,,,,,,,Material,Olmo HG 1S ,,,,,PC159324_3 RO-MDMEOLMOA-181S90,,,,deny,manual,1273.78,,True,True,,,,,,,,,,,,,,,,,,,,,https://s3.us-east-2.amazonaws.com/static.spaice.ca/share/cuppowood/ConcatPhoto/PC_3RO-EPTR3_SINGLEDOOR--OlmoHG1S.jpg,g,,,,,
Cuppowood-PC159324_3 RO,,,,,,,,Material,Como Ash 01 1S,,,,,PC159324_3 RO-PBMECA01A-181S12,,,,deny,manual,1101.59,,True,True,,,,,,,,,,,,,,,,,,,,,https://s3.us-east-2.amazonaws.com/static.spaice.ca/share/cuppowood/ConcatPhoto/PC_3RO-EPTR3_SINGLEDOOR--ComoAsh011S.jpg,g,,,,,
Cuppowood-PC159324_3 RO,,,,,,,,Material,Como Ash 03 1S,,,,,PC159324_3 RO-PBMECA03A-181S12,,,,deny,manual,1101.59,,True,True,,,,,,,,,,,,,,,,,,,,,https://s3.us-east-2.amazonaws.com/static.spaice.ca/share/cuppowood/ConcatPhoto/PC_3RO-EPTR3_SINGLEDOOR--ComoAsh031S.jpg,g,,,,,
Cuppowood-PC159324_3 RO,,,,,,,,Material,Ida 01 2S,,,,,PC159324_3 RO-PBMEID01A-182S12,,,,deny,manual,1072.68,,True,True,,,,,,,,,,,,,,,,,,,,,https://s3.us-east-2.amazonaws.com/static.spaice.ca/share/cuppowood/ConcatPhoto/PC_3RO-EPTR3_SINGLEDOOR--Ida012S.jpg,g,,,,,
Cuppowood-PC159324_3 RO,,,,,,,,Material,Ida 03 2S,,,,,PC159324_3 RO-PBMEID03A-182S12,,,,deny,manual,1072.68,,True,True,,,,,,,,,,,,,,,,,,,,,https://s3.us-east-2.amazonaws.com/static.spaice.ca/share/cuppowood/ConcatPhoto/PC_3RO-EPTR3_SINGLEDOOR--Ida032S.jpg,g,,,,,
Cuppowood-PC159324_3 RO,,,,,,,,Material,Roble Muratti 01 2S,,,,,PC159324_3 RO-PBMEMU01A-182S12,,,,deny,manual,1072.68,,True,True,,,,,,,,,,,,,,,,,,,,,https://s3.us-east-2.amazonaws.com/static.spaice.ca/share/cuppowood/ConcatPhoto/PC_3RO-EPTR3_SINGLEDOOR--RobleMuratti012S.jpg,g,,,,,
Cuppowood-PC159324_3 RO,,,,,,,,Material,Roble Muratti 04 2S,,,,,PC159324_3 RO-PBMEMU04A-182S12,,,,deny,manual,1072.68,,True,True,,,,,,,,,,,,,,,,,,,,,https://s3.us-east-2.amazonaws.com/static.spaice.ca/share/cuppowood/ConcatPhoto/PC_3RO-EPTR3_SINGLEDOOR--RobleMuratti042S.jpg,g,,,,,
Cuppowood-PC159324_3 RO,,,,,,,,Material,Gris Nube Zenit 1S,,,,,PC159324_3 RO-MDMENUBEA-181S36,,,,deny,manual,1273.78,,True,True,,,,,,,,,,,,,,,,,,,,,https://s3.us-east-2.amazonaws.com/static.spaice.ca/share/cuppowood/ConcatPhoto/PC_3RO-EPTR3_SINGLEDOOR--GrisNubeZenit1S.jpg,g,,,,,
Cuppowood-PC159324_3 RO,,,,,,,,Material,Factory 01 1S,,,,,PC159324_3 RO-PBME0F01-181S72,,,,deny,manual,1113.53,,True,True,,,,,,,,,,,,,,,,,,,,,https://s3.us-east-2.amazonaws.com/static.spaice.ca/share/cuppowood/ConcatPhoto/PC_3RO-EPTR3_SINGLEDOOR--Factory011S.jpg,g,,,,,
Cuppowood-PC159324_3 RO,,,,,,,,Material,Factory 02 1S,,,,,PC159324_3 RO-PBME0F02-181S72,,,,deny,manual,1113.53,,True,True,,,,,,,,,,,,,,,,,,,,,https://s3.us-east-2.amazonaws.com/static.spaice.ca/share/cuppowood/ConcatPhoto/PC_3RO-EPTR3_SINGLEDOOR--Factory021S.jpg,g,,,,,
Cuppowood-PC159324_3 RO,,,,,,,,Material,Sand Gladstone Oak,,,,,PC159324_3 RO-H3309 ST28,,,,deny,manual,1146.36,,True,True,,,,,,,,,,,,,,,,,,,,,https://s3.us-east-2.amazonaws.com/static.spaice.ca/share/cuppowood/ConcatPhoto/PC_3RO-EPTR3_SINGLEDOOR--SandGladstoneOak.jpg,g,,,,,
Cuppowood-PC159324_3 RO,,,,,,,,Material,Grey-Beige Gladstone Oak,,,,,PC159324_3 RO-H3326 ST28,,,,deny,manual,1146.36,,True,True,,,,,,,,,,,,,,,,,,,,,https://s3.us-east-2.amazonaws.com/static.spaice.ca/share/cuppowood/ConcatPhoto/PC_3RO-EPTR3_SINGLEDOOR--GreyBeigeGladstoneOak.jpg,g,,,,,
Cuppowood-PC159324_3 RO,,,,,,,,Material,Brown Tossini Elm,,,,,PC159324_3 RO-H1212 ST33,,,,deny,manual,1146.36,,True,True,,,,,,,,,,,,,,,,,,,,,https://s3.us-east-2.amazonaws.com/static.spaice.ca/share/cuppowood/ConcatPhoto/PC_3RO-EPTR3_SINGLEDOOR--BrownTossiniElm.jpg,g,,,,,
Cuppowood-PC159324_3 RO,,,,,,,,Material,Tobacco Gladstone Oak,,,,,PC159324_3 RO-H3325 ST28,,,,deny,manual,1146.36,,True,True,,,,,,,,,,,,,,,,,,,,,https://s3.us-east-2.amazonaws.com/static.spaice.ca/share/cuppowood/ConcatPhoto/PC_3RO-EPTR3_SINGLEDOOR--TobaccoGladstoneOak.jpg,g,,,,,
Cuppowood-PC159324_3 RO,,,,,,,,Material,Tobacco Halifax Oak,,,,,PC159324_3 RO-H1181 ST37,,,,deny,manual,1146.36,,True,True,,,,,,,,,,,,,,,,,,,,,https://s3.us-east-2.amazonaws.com/static.spaice.ca/share/cuppowood/ConcatPhoto/PC_3RO-EPTR3_SINGLEDOOR--TobaccoHalifaxOak.jpg,g,,,,,
Cuppowood-PC159324_3 RO,,,,,,,,Material,Black Halifax Oak,,,,,PC159324_3 RO-H3182 ST37,,,,deny,manual,1146.36,,True,True,,,,,,,,,,,,,,,,,,,,,https://s3.us-east-2.amazonaws.com/static.spaice.ca/share/cuppowood/ConcatPhoto/PC_3RO-EPTR3_SINGLEDOOR--BlackHalifaxOak.jpg,g,,,,,
Cuppowood-PC159324_3 RO,,,,,,,,Material,Natural Halifax Oak,,,,,PC159324_3 RO-H1180 ST37,,,,deny,manual,1146.36,,True,True,,,,,,,,,,,,,,,,,,,,,https://s3.us-east-2.amazonaws.com/static.spaice.ca/share/cuppowood/ConcatPhoto/PC_3RO-EPTR3_SINGLEDOOR--NaturalHalifaxOak.jpg,g,,,,,
Cuppowood-PC159324_3 RO,,,,,,,,Material,White Halifax Oak,,,,,PC159324_3 RO-H1176 ST37,,,,deny,manual,1146.36,,True,True,,,,,,,,,,,,,,,,,,,,,https://s3.us-east-2.amazonaws.com/static.spaice.ca/share/cuppowood/ConcatPhoto/PC_3RO-EPTR3_SINGLEDOOR--WhiteHalifaxOak.jpg,g,,,,,
Cuppowood-PC278424_3 RO,"24"" Deep Pantry (3RO) 27""W 84""H 24""D (PC278424_3 RO)","Width:27, Height:84, Depth:24",,Furniture > Cabinets & Storage > Kitchen Cabinets,Pantry,"24_deep_pantry, 27W, 84H, D24D, 24_deep_pantry_3_ro",,Material,Pearl White HG,,,,,PC278424_3 RO-MDPE3004-181S90,,,,deny,manual,1506.75,,True,True,,https://s3.us-east-2.amazonaws.com/static.spaice.ca/share/cuppowood/Cabinet/PC_3RO-EPTR3_DOUBLEDOOR.jpg,,,,,,,,,,,,,,,,,,,https://s3.us-east-2.amazonaws.com/static.spaice.ca/share/cuppowood/ConcatPhoto/PC_3RO-EPTR3_DOUBLEDOOR--PearlWhiteHG.jpg,g,,,,,active
Cuppowood-PC278424_3 RO,,,,,,,,Material,Winter Frost SM,,,,,PC278424_3 RO-MDPE3035-181S36,,,,deny,manual,1506.75,,True,True,,,,,,,,,,,,,,,,,,,,,https://s3.us-east-2.amazonaws.com/static.spaice.ca/share/cuppowood/ConcatPhoto/PC_3RO-EPTR3_DOUBLEDOOR--WinterFrostSM.jpg,g,,,,,
Cuppowood-PC278424_3 RO,,,,,,,,Material,Sun Grey HG,,,,,PC278424_3 RO-MDPE3033-181S90,,,,deny,manual,1506.75,,True,True,,,,,,,,,,,,,,,,,,,,,https://s3.us-east-2.amazonaws.com/static.spaice.ca/share/cuppowood/ConcatPhoto/PC_3RO-EPTR3_DOUBLEDOOR--SunGreyHG.jpg,g,,,,,
Cuppowood-PC278424_3 RO,,,,,,,,Material,Sun Grey SM,,,,,PC278424_3 RO-MDPE3033-181S36,,,,deny,manual,1506.75,,True,True,,,,,,,,,,,,,,,,,,,,,https://s3.us-east-2.amazonaws.com/static.spaice.ca/share/cuppowood/ConcatPhoto/PC_3RO-EPTR3_DOUBLEDOOR--SunGreySM.jpg,g,,,,,
Cuppowood-PC278424_3 RO,,,,,,,,Material,Stone Grey HG,,,,,PC278424_3 RO-MDPE3020-181S90,,,,deny,manual,1506.75,,True,True,,,,,,,,,,,,,,,,,,,,,https://s3.us-east-2.amazonaws.com/static.spaice.ca/share/cuppowood/ConcatPhoto/PC_3RO-EPTR3_DOUBLEDOOR--StoneGreyHG.jpg,g,,,,,
Cuppowood-PC278424_3 RO,,,,,,,,Material,Stone Grey SM,,,,,PC278424_3 RO-MDPE3020-181S36,,,,deny,manual,1506.75,,True,True,,,,,,,,,,,,,,,,,,,,,https://s3.us-east-2.amazonaws.com/static.spaice.ca/share/cuppowood/ConcatPhoto/PC_3RO-EPTR3_DOUBLEDOOR--StoneGreySM.jpg,g,,,,,
Cuppowood-PC278424_3 RO,,,,,,,,Material,Eclipse HG,,,,,PC278424_3 RO-MDPE3023-181S90,,,,deny,manual,1506.75,,True,True,,,,,,,,,,,,,,,,,,,,,https://s3.us-east-2.amazonaws.com/static.spaice.ca/share/cuppowood/ConcatPhoto/PC_3RO-EPTR3_DOUBLEDOOR--EclipseHG.jpg,g,,,,,
Cuppowood-PC278424_3 RO,,,,,,,,Material,Eclipse SM,,,,,PC278424_3 RO-MDPE3023-181S36,,,,deny,manual,1506.75,,True,True,,,,,,,,,,,,,,,,,,,,,https://s3.us-east-2.amazonaws.com/static.spaice.ca/share/cuppowood/ConcatPhoto/PC_3RO-EPTR3_DOUBLEDOOR--EclipseSM.jpg,g,,,,,
Cuppowood-PC278424_3 RO,,,,,,,,Material,Royal Blue HG,,,,,PC278424_3 RO-MDPE3070-181S90,,,,deny,manual,1506.75,,True,True,,,,,,,,,,,,,,,,,,,,,https://s3.us-east-2.amazonaws.com/static.spaice.ca/share/cuppowood/ConcatPhoto/PC_3RO-EPTR3_DOUBLEDOOR--RoyalBlueHG.jpg,g,,,,,
Cuppowood-PC278424_3 RO,,,,,,,,Material,Royal Blue SM,,,,,PC278424_3 RO-MDPE3070-181S36,,,,deny,manual,1506.75,,True,True,,,,,,,,,,,,,,,,,,,,,https://s3.us-east-2.amazonaws.com/static.spaice.ca/share/cuppowood/ConcatPhoto/PC_3RO-EPTR3_DOUBLEDOOR--RoyalBlueSM.jpg,g,,,,,
Cuppowood-PC278424_3 RO,,,,,,,,Material,Majestic HG,,,,,PC278424_3 RO-MDPE3074-181S90,,,,deny,manual,1506.75,,True,True,,,,,,,,,,,,,,,,,,,,,https://s3.us-east-2.amazonaws.com/static.spaice.ca/share/cuppowood/ConcatPhoto/PC_3RO-EPTR3_DOUBLEDOOR--MajesticHG.jpg,g,,,,,
Cuppowood-PC278424_3 RO,,,,,,,,Material,Majestic SM,,,,,PC278424_3 RO-MDPE3074-181S36,,,,deny,manual,1506.75,,True,True,,,,,,,,,,,,,,,,,,,,,https://s3.us-east-2.amazonaws.com/static.spaice.ca/share/cuppowood/ConcatPhoto/PC_3RO-EPTR3_DOUBLEDOOR--MajesticSM.jpg,g,,,,,
Cuppowood-PC278424_3 RO,,,,,,,,Material,Brushed Aluminum,,,,,PC278424_3 RO-PBME0474T-192S58,,,,deny,manual,1355.85,,True,True,,,,,,,,,,,,,,,,,,,,,https://s3.us-east-2.amazonaws.com/static.spaice.ca/share/cuppowood/ConcatPhoto/PC_3RO-EPTR3_DOUBLEDOOR--BrushedAluminum.jpg,g,,,,,
Cuppowood-PC278424_3 RO,,,,,,,,Material,River Rock,,,,,PC278424_3 RO-PBME0538T-192S75,,,,deny,manual,1355.85,,True,True,,,,,,,,,,,,,,,,,,,,,https://s3.us-east-2.amazonaws.com/static.spaice.ca/share/cuppowood/ConcatPhoto/PC_3RO-EPTR3_DOUBLEDOOR--RiverRock.jpg,g,,,,,
Cuppowood-PC278424_3 RO,,,,,,,,Material,Sheer Beauty,,,,,PC278424_3 RO-PBME0581T-192S77,,,,deny,manual,1355.85,,True,True,,,,,,,,,,,,,,,,,,,,,https://s3.us-east-2.amazonaws.com/static.spaice.ca/share/cuppowood/ConcatPhoto/PC_3RO-EPTR3_DOUBLEDOOR--SheerBeauty.jpg,g,,,,,
Cuppowood-PC278424_3 RO,,,,,,,,Material,Fashionista,,,,,PC278424_3 RO-PBME0582T-192S77,,,,deny,manual,1355.85,,True,True,,,,,,,,,,,,,,,,,,,,,https://s3.us-east-2.amazonaws.com/static.spaice.ca/share/cuppowood/ConcatPhoto/PC_3RO-EPTR3_DOUBLEDOOR--Fashionista.jpg,g,,,,,
Cuppowood-PC278424_3 RO,,,,,,,,Material,The Chameleon,,,,,PC278424_3 RO-PBME0584T-192S77,,,,deny,manual,1355.85,,True,True,,,,,,,,,,,,,,,,,,,,,https://s3.us-east-2.amazonaws.com/static.spaice.ca/share/cuppowood/ConcatPhoto/PC_3RO-EPTR3_DOUBLEDOOR--TheChameleon.jpg,g,,,,,
Cuppowood-PC278424_3 RO,,,,,,,,Material,Weekend Getaway,,,,,PC278424_3 RO-PBME2003T-192S12,,,,deny,manual,1382.14,,True,True,,,,,,,,,,,,,,,,,,,,,https://s3.us-east-2.amazonaws.com/static.spaice.ca/share/cuppowood/ConcatPhoto/PC_3RO-EPTR3_DOUBLEDOOR--WeekendGetaway.jpg,g,,,,,
Cuppowood-PC278424_3 RO,,,,,,,,Material,Winter Fun,,,,,PC278424_3 RO-PBME2004T-192S12,,,,deny,manual,1382.14,,True,True,,,,,,,,,,,,,,,,,,,,,https://s3.us-east-2.amazonaws.com/static.spaice.ca/share/cuppowood/ConcatPhoto/PC_3RO-EPTR3_DOUBLEDOOR--WinterFun.jpg,g,,,,,
Cuppowood-PC278424_3 RO,,,,,,,,Material,Casting at First Light,,,,,PC278424_3 RO-PBME2007T-192S12,,,,deny,manual,1382.14,,True,True,,,,,,,,,,,,,,,,,,,,,https://s3.us-east-2.amazonaws.com/static.spaice.ca/share/cuppowood/ConcatPhoto/PC_3RO-EPTR3_DOUBLEDOOR--CastingatFirstLight.jpg,g,,,,,
Cuppowood-PC278424_3 RO,,,,,,,,Material,Sugar on Ice,,,,,PC278424_3 RO-PBME2014T-192S12,,,,deny,manual,1382.14,,True,True,,,,,,,,,,,,,,,,,,,,,https://s3.us-east-2.amazonaws.com/static.spaice.ca/share/cuppowood/ConcatPhoto/PC_3RO-EPTR3_DOUBLEDOOR--SugaronIce.jpg,g,,,,,
Cuppowood-PC278424_3 RO,,,,,,,,Material,Gris Nube HG 1S,,,,,PC278424_3 RO-MDMENUBEA-181S90,,,,deny,manual,1714.2,,True,True,,,,,,,,,,,,,,,,,,,,,https://s3.us-east-2.amazonaws.com/static.spaice.ca/share/cuppowood/ConcatPhoto/PC_3RO-EPTR3_DOUBLEDOOR--GrisNubeHG1S.jpg,g,,,,,
Cuppowood-PC278424_3 RO,,,,,,,,Material,Olmo HG 1S ,,,,,PC278424_3 RO-MDMEOLMOA-181S90,,,,deny,manual,1714.2,,True,True,,,,,,,,,,,,,,,,,,,,,https://s3.us-east-2.amazonaws.com/static.spaice.ca/share/cuppowood/ConcatPhoto/PC_3RO-EPTR3_DOUBLEDOOR--OlmoHG1S.jpg,g,,,,,
Cuppowood-PC278424_3 RO,,,,,,,,Material,Como Ash 01 1S,,,,,PC278424_3 RO-PBMECA01A-181S12,,,,deny,manual,1433.34,,True,True,,,,,,,,,,,,,,,,,,,,,https://s3.us-east-2.amazonaws.com/static.spaice.ca/share/cuppowood/ConcatPhoto/PC_3RO-EPTR3_DOUBLEDOOR--ComoAsh011S.jpg,g,,,,,
Cuppowood-PC278424_3 RO,,,,,,,,Material,Como Ash 03 1S,,,,,PC278424_3 RO-PBMECA03A-181S12,,,,deny,manual,1433.34,,True,True,,,,,,,,,,,,,,,,,,,,,https://s3.us-east-2.amazonaws.com/static.spaice.ca/share/cuppowood/ConcatPhoto/PC_3RO-EPTR3_DOUBLEDOOR--ComoAsh031S.jpg,g,,,,,
Cuppowood-PC278424_3 RO,,,,,,,,Material,Ida 01 2S,,,,,PC278424_3 RO-PBMEID01A-182S12,,,,deny,manual,1382.14,,True,True,,,,,,,,,,,,,,,,,,,,,https://s3.us-east-2.amazonaws.com/static.spaice.ca/share/cuppowood/ConcatPhoto/PC_3RO-EPTR3_DOUBLEDOOR--Ida012S.jpg,g,,,,,
Cuppowood-PC278424_3 RO,,,,,,,,Material,Ida 03 2S,,,,,PC278424_3 RO-PBMEID03A-182S12,,,,deny,manual,1382.14,,True,True,,,,,,,,,,,,,,,,,,,,,https://s3.us-east-2.amazonaws.com/static.spaice.ca/share/cuppowood/ConcatPhoto/PC_3RO-EPTR3_DOUBLEDOOR--Ida032S.jpg,g,,,,,
Cuppowood-PC278424_3 RO,,,,,,,,Material,Roble Muratti 01 2S,,,,,PC278424_3 RO-PBMEMU01A-182S12,,,,deny,manual,1382.14,,True,True,,,,,,,,,,,,,,,,,,,,,https://s3.us-east-2.amazonaws.com/static.spaice.ca/share/cuppowood/ConcatPhoto/PC_3RO-EPTR3_DOUBLEDOOR--RobleMuratti012S.jpg,g,,,,,
Cuppowood-PC278424_3 RO,,,,,,,,Material,Roble Muratti 04 2S,,,,,PC278424_3 RO-PBMEMU04A-182S12,,,,deny,manual,1382.14,,True,True,,,,,,,,,,,,,,,,,,,,,https://s3.us-east-2.amazonaws.com/static.spaice.ca/share/cuppowood/ConcatPhoto/PC_3RO-EPTR3_DOUBLEDOOR--RobleMuratti042S.jpg,g,,,,,
Cuppowood-PC278424_3 RO,,,,,,,,Material,Gris Nube Zenit 1S,,,,,PC278424_3 RO-MDMENUBEA-181S36,,,,deny,manual,1714.2,,True,True,,,,,,,,,,,,,,,,,,,,,https://s3.us-east-2.amazonaws.com/static.spaice.ca/share/cuppowood/ConcatPhoto/PC_3RO-EPTR3_DOUBLEDOOR--GrisNubeZenit1S.jpg,g,,,,,
Cuppowood-PC278424_3 RO,,,,,,,,Material,Factory 01 1S,,,,,PC278424_3 RO-PBME0F01-181S72,,,,deny,manual,1452.91,,True,True,,,,,,,,,,,,,,,,,,,,,https://s3.us-east-2.amazonaws.com/static.spaice.ca/share/cuppowood/ConcatPhoto/PC_3RO-EPTR3_DOUBLEDOOR--Factory011S.jpg,g,,,,,
Cuppowood-PC278424_3 RO,,,,,,,,Material,Factory 02 1S,,,,,PC278424_3 RO-PBME0F02-181S72,,,,deny,manual,1452.91,,True,True,,,,,,,,,,,,,,,,,,,,,https://s3.us-east-2.amazonaws.com/static.spaice.ca/share/cuppowood/ConcatPhoto/PC_3RO-EPTR3_DOUBLEDOOR--Factory021S.jpg,g,,,,,
Cuppowood-PC278424_3 RO,,,,,,,,Material,Sand Gladstone Oak,,,,,PC278424_3 RO-H3309 ST28,,,,deny,manual,1506.75,,True,True,,,,,,,,,,,,,,,,,,,,,https://s3.us-east-2.amazonaws.com/static.spaice.ca/share/cuppowood/ConcatPhoto/PC_3RO-EPTR3_DOUBLEDOOR--SandGladstoneOak.jpg,g,,,,,
Cuppowood-PC278424_3 RO,,,,,,,,Material,Grey-Beige Gladstone Oak,,,,,PC278424_3 RO-H3326 ST28,,,,deny,manual,1506.75,,True,True,,,,,,,,,,,,,,,,,,,,,https://s3.us-east-2.amazonaws.com/static.spaice.ca/share/cuppowood/ConcatPhoto/PC_3RO-EPTR3_DOUBLEDOOR--GreyBeigeGladstoneOak.jpg,g,,,,,
Cuppowood-PC278424_3 RO,,,,,,,,Material,Brown Tossini Elm,,,,,PC278424_3 RO-H1212 ST33,,,,deny,manual,1506.75,,True,True,,,,,,,,,,,,,,,,,,,,,https://s3.us-east-2.amazonaws.com/static.spaice.ca/share/cuppowood/ConcatPhoto/PC_3RO-EPTR3_DOUBLEDOOR--BrownTossiniElm.jpg,g,,,,,
Cuppowood-PC278424_3 RO,,,,,,,,Material,Tobacco Gladstone Oak,,,,,PC278424_3 RO-H3325 ST28,,,,deny,manual,1506.75,,True,True,,,,,,,,,,,,,,,,,,,,,https://s3.us-east-2.amazonaws.com/static.spaice.ca/share/cuppowood/ConcatPhoto/PC_3RO-EPTR3_DOUBLEDOOR--TobaccoGladstoneOak.jpg,g,,,,,
Cuppowood-PC278424_3 RO,,,,,,,,Material,Tobacco Halifax Oak,,,,,PC278424_3 RO-H1181 ST37,,,,deny,manual,1506.75,,True,True,,,,,,,,,,,,,,,,,,,,,https://s3.us-east-2.amazonaws.com/static.spaice.ca/share/cuppowood/ConcatPhoto/PC_3RO-EPTR3_DOUBLEDOOR--TobaccoHalifaxOak.jpg,g,,,,,
Cuppowood-PC278424_3 RO,,,,,,,,Material,Black Halifax Oak,,,,,PC278424_3 RO-H3182 ST37,,,,deny,manual,1506.75,,True,True,,,,,,,,,,,,,,,,,,,,,https://s3.us-east-2.amazonaws.com/static.spaice.ca/share/cuppowood/ConcatPhoto/PC_3RO-EPTR3_DOUBLEDOOR--BlackHalifaxOak.jpg,g,,,,,
Cuppowood-PC278424_3 RO,,,,,,,,Material,Natural Halifax Oak,,,,,PC278424_3 RO-H1180 ST37,,,,deny,manual,1506.75,,True,True,,,,,,,,,,,,,,,,,,,,,https://s3.us-east-2.amazonaws.com/static.spaice.ca/share/cuppowood/ConcatPhoto/PC_3RO-EPTR3_DOUBLEDOOR--NaturalHalifaxOak.jpg,g,,,,,
Cuppowood-PC278424_3 RO,,,,,,,,Material,White Halifax Oak,,,,,PC278424_3 RO-H1176 ST37,,,,deny,manual,1506.75,,True,True,,,,,,,,,,,,,,,,,,,,,https://s3.us-east-2.amazonaws.com/static.spaice.ca/share/cuppowood/ConcatPhoto/PC_3RO-EPTR3_DOUBLEDOOR--WhiteHalifaxOak.jpg,g,,,,,
