Handle,Title,Option1 Name,Option1 Value,Variant Price
Cuppowood-W093012,"30"" High Wall Cabinet 09""W 30""H 12""D (W093012)",Material,Pearl White HG,7
Cuppowood-W093012,,Material,Winter Frost SM,7
Cuppowood-W093012,,Material,Sun Grey HG,7
Cuppowood-W093012,,Material,Sun Grey SM,7
Cuppowood-W093012,,Material,Stone Grey HG,7
Cuppowood-W093012,,Material,Stone Grey SM,7
Cuppowood-W093012,,Material,Eclipse HG,7
Cuppowood-W093012,,Material,Eclipse SM,7
Cuppowood-W093012,,Material,Royal Blue HG,7
Cuppowood-W093012,,Material,Royal Blue SM,7
Cuppowood-W093012,,Material,Majestic HG,7
Cuppowood-W093012,,Material,Majestic SM,7
Cuppowood-W093012,,Material,Brushed Aluminum,3
Cuppowood-W093012,,Material,River Rock,3
Cuppowood-W093012,,Material,Sheer Beauty,3
Cuppowood-W093012,,Material,Fashionista,3
Cuppowood-W093012,,Material,The Chameleon,3
Cuppowood-W093012,,Material,Weekend Getaway,4
Cuppowood-W093012,,Material,Winter Fun,4
Cuppowood-W093012,,Material,Casting at First Light,4
Cuppowood-W093012,,Material,Sugar on Ice,4
Cuppowood-W093012,,Material,Gris Nube HG 1S,8
Cuppowood-W093012,,Material,Olmo HG 1S ,8
Cuppowood-W093012,,Material,Como Ash 01 1S,5
Cuppowood-W093012,,Material,Como Ash 03 1S,5
Cuppowood-W093012,,Material,Ida 01 2S,4
Cuppowood-W093012,,Material,Ida 03 2S,4
Cuppowood-W093012,,Material,Roble Muratti 01 2S,4
Cuppowood-W093012,,Material,Roble Muratti 04 2S,4
Cuppowood-W093012,,Material,Gris Nube Zenit 1S,8
Cuppowood-W093012,,Material,Factory 01 1S,6
Cuppowood-W093012,,Material,Factory 02 1S,6
Cuppowood-W093012,,Material,Sand Gladstone Oak,7
Cuppowood-W093012,,Material,Grey-Beige Gladstone Oak,7
Cuppowood-W093012,,Material,Brown Tossini Elm,7
Cuppowood-W093012,,Material,Tobacco Gladstone Oak,7
Cuppowood-W093012,,Material,Tobacco Halifax Oak,7
Cuppowood-W093012,,Material,Black Halifax Oak,7
Cuppowood-W093012,,Material,Natural Halifax Oak,7
Cuppowood-W093012,,Material,White Halifax Oak,7
Cuppowood-W123012,"30"" High Wall Cabinet 12""W 30""H 12""D (W123012)",Material,Pearl White HG,9
Cuppowood-W123012,,Material,Winter Frost SM,9
Cuppowood-W123012,,Material,Sun Grey HG,9
Cuppowood-W123012,,Material,Sun Grey SM,9
Cuppowood-W123012,,Material,Stone Grey HG,9
Cuppowood-W123012,,Material,Stone Grey SM,9
Cuppowood-W123012,,Material,Eclipse HG,9
Cuppowood-W123012,,Material,Eclipse SM,9
Cuppowood-W123012,,Material,Royal Blue HG,9
Cuppowood-W123012,,Material,Royal Blue SM,9
Cuppowood-W123012,,Material,Majestic HG,9
Cuppowood-W123012,,Material,Majestic SM,9
Cuppowood-W123012,,Material,Brushed Aluminum,5
Cuppowood-W123012,,Material,River Rock,5
Cuppowood-W123012,,Material,Sheer Beauty,5
Cuppowood-W123012,,Material,Fashionista,5
Cuppowood-W123012,,Material,The Chameleon,5
Cuppowood-W123012,,Material,Weekend Getaway,6
Cuppowood-W123012,,Material,Winter Fun,6
Cuppowood-W123012,,Material,Casting at First Light,6
Cuppowood-W123012,,Material,Sugar on Ice,6
Cuppowood-W123012,,Material,Gris Nube HG 1S,10
Cuppowood-W123012,,Material,Olmo HG 1S ,10
Cuppowood-W123012,,Material,Como Ash 01 1S,7
Cuppowood-W123012,,Material,Como Ash 03 1S,7
Cuppowood-W123012,,Material,Ida 01 2S,6
Cuppowood-W123012,,Material,Ida 03 2S,6
Cuppowood-W123012,,Material,Roble Muratti 01 2S,6
Cuppowood-W123012,,Material,Roble Muratti 04 2S,6
Cuppowood-W123012,,Material,Gris Nube Zenit 1S,10
Cuppowood-W123012,,Material,Factory 01 1S,8
Cuppowood-W123012,,Material,Factory 02 1S,8
Cuppowood-W123012,,Material,Sand Gladstone Oak,9
Cuppowood-W123012,,Material,Grey-Beige Gladstone Oak,9
Cuppowood-W123012,,Material,Brown Tossini Elm,9
Cuppowood-W123012,,Material,Tobacco Gladstone Oak,9
Cuppowood-W123012,,Material,Tobacco Halifax Oak,9
Cuppowood-W123012,,Material,Black Halifax Oak,9
Cuppowood-W123012,,Material,Natural Halifax Oak,9
Cuppowood-W123012,,Material,White Halifax Oak,9
Cuppowood-W153012,"30"" High Wall Cabinet 15""W 30""H 12""D (W153012)",Material,Pearl White HG,11
Cuppowood-W153012,,Material,Winter Frost SM,11
Cuppowood-W153012,,Material,Sun Grey HG,11
Cuppowood-W153012,,Material,Sun Grey SM,11
Cuppowood-W153012,,Material,Stone Grey HG,11
Cuppowood-W153012,,Material,Stone Grey SM,11
Cuppowood-W153012,,Material,Eclipse HG,11
Cuppowood-W153012,,Material,Eclipse SM,11
Cuppowood-W153012,,Material,Royal Blue HG,11
Cuppowood-W153012,,Material,Royal Blue SM,11
Cuppowood-W153012,,Material,Majestic HG,11
Cuppowood-W153012,,Material,Majestic SM,11
Cuppowood-W153012,,Material,Brushed Aluminum,7
Cuppowood-W153012,,Material,River Rock,7
Cuppowood-W153012,,Material,Sheer Beauty,7
Cuppowood-W153012,,Material,Fashionista,7
Cuppowood-W153012,,Material,The Chameleon,7
Cuppowood-W153012,,Material,Weekend Getaway,8
Cuppowood-W153012,,Material,Winter Fun,8
Cuppowood-W153012,,Material,Casting at First Light,8
Cuppowood-W153012,,Material,Sugar on Ice,8
Cuppowood-W153012,,Material,Gris Nube HG 1S,12
Cuppowood-W153012,,Material,Olmo HG 1S ,12
Cuppowood-W153012,,Material,Como Ash 01 1S,9
Cuppowood-W153012,,Material,Como Ash 03 1S,9
Cuppowood-W153012,,Material,Ida 01 2S,8
Cuppowood-W153012,,Material,Ida 03 2S,8
Cuppowood-W153012,,Material,Roble Muratti 01 2S,8
Cuppowood-W153012,,Material,Roble Muratti 04 2S,8
Cuppowood-W153012,,Material,Gris Nube Zenit 1S,12
Cuppowood-W153012,,Material,Factory 01 1S,10
Cuppowood-W153012,,Material,Factory 02 1S,10
Cuppowood-W153012,,Material,Sand Gladstone Oak,11
Cuppowood-W153012,,Material,Grey-Beige Gladstone Oak,11
Cuppowood-W153012,,Material,Brown Tossini Elm,11
Cuppowood-W153012,,Material,Tobacco Gladstone Oak,11
Cuppowood-W153012,,Material,Tobacco Halifax Oak,11
Cuppowood-W153012,,Material,Black Halifax Oak,11
Cuppowood-W153012,,Material,Natural Halifax Oak,11
Cuppowood-W153012,,Material,White Halifax Oak,11
Cuppowood-W183012,"30"" High Wall Cabinet 18""W 30""H 12""D (W183012)",Material,Pearl White HG,13
Cuppowood-W183012,,Material,Winter Frost SM,13
Cuppowood-W183012,,Material,Sun Grey HG,13
Cuppowood-W183012,,Material,Sun Grey SM,13
Cuppowood-W183012,,Material,Stone Grey HG,13
Cuppowood-W183012,,Material,Stone Grey SM,13
Cuppowood-W183012,,Material,Eclipse HG,13
Cuppowood-W183012,,Material,Eclipse SM,13
Cuppowood-W183012,,Material,Royal Blue HG,13
Cuppowood-W183012,,Material,Royal Blue SM,13
Cuppowood-W183012,,Material,Majestic HG,13
Cuppowood-W183012,,Material,Majestic SM,13
Cuppowood-W183012,,Material,Brushed Aluminum,9
Cuppowood-W183012,,Material,River Rock,9
Cuppowood-W183012,,Material,Sheer Beauty,9
Cuppowood-W183012,,Material,Fashionista,9
Cuppowood-W183012,,Material,The Chameleon,9
Cuppowood-W183012,,Material,Weekend Getaway,10
Cuppowood-W183012,,Material,Winter Fun,10
Cuppowood-W183012,,Material,Casting at First Light,10
Cuppowood-W183012,,Material,Sugar on Ice,10
Cuppowood-W183012,,Material,Gris Nube HG 1S,14
Cuppowood-W183012,,Material,Olmo HG 1S ,14
Cuppowood-W183012,,Material,Como Ash 01 1S,11
Cuppowood-W183012,,Material,Como Ash 03 1S,11
Cuppowood-W183012,,Material,Ida 01 2S,10
Cuppowood-W183012,,Material,Ida 03 2S,10
Cuppowood-W183012,,Material,Roble Muratti 01 2S,10
Cuppowood-W183012,,Material,Roble Muratti 04 2S,10
Cuppowood-W183012,,Material,Gris Nube Zenit 1S,14
Cuppowood-W183012,,Material,Factory 01 1S,12
Cuppowood-W183012,,Material,Factory 02 1S,12
Cuppowood-W183012,,Material,Sand Gladstone Oak,13
Cuppowood-W183012,,Material,Grey-Beige Gladstone Oak,13
Cuppowood-W183012,,Material,Brown Tossini Elm,13
Cuppowood-W183012,,Material,Tobacco Gladstone Oak,13
Cuppowood-W183012,,Material,Tobacco Halifax Oak,13
Cuppowood-W183012,,Material,Black Halifax Oak,13
Cuppowood-W183012,,Material,Natural Halifax Oak,13
Cuppowood-W183012,,Material,White Halifax Oak,13
Cuppowood-W213012,"30"" High Wall Cabinet 21""W 30""H 12""D (W213012)",Material,Pearl White HG,15
Cuppowood-W213012,,Material,Winter Frost SM,15
Cuppowood-W213012,,Material,Sun Grey HG,15
Cuppowood-W213012,,Material,Sun Grey SM,15
Cuppowood-W213012,,Material,Stone Grey HG,15
Cuppowood-W213012,,Material,Stone Grey SM,15
Cuppowood-W213012,,Material,Eclipse HG,15
Cuppowood-W213012,,Material,Eclipse SM,15
Cuppowood-W213012,,Material,Royal Blue HG,15
Cuppowood-W213012,,Material,Royal Blue SM,15
Cuppowood-W213012,,Material,Majestic HG,15
Cuppowood-W213012,,Material,Majestic SM,15
Cuppowood-W213012,,Material,Brushed Aluminum,11
Cuppowood-W213012,,Material,River Rock,11
Cuppowood-W213012,,Material,Sheer Beauty,11
Cuppowood-W213012,,Material,Fashionista,11
Cuppowood-W213012,,Material,The Chameleon,11
Cuppowood-W213012,,Material,Weekend Getaway,12
Cuppowood-W213012,,Material,Winter Fun,12
Cuppowood-W213012,,Material,Casting at First Light,12
Cuppowood-W213012,,Material,Sugar on Ice,12
Cuppowood-W213012,,Material,Gris Nube HG 1S,16
Cuppowood-W213012,,Material,Olmo HG 1S ,16
Cuppowood-W213012,,Material,Como Ash 01 1S,13
Cuppowood-W213012,,Material,Como Ash 03 1S,13
Cuppowood-W213012,,Material,Ida 01 2S,12
Cuppowood-W213012,,Material,Ida 03 2S,12
Cuppowood-W213012,,Material,Roble Muratti 01 2S,12
Cuppowood-W213012,,Material,Roble Muratti 04 2S,12
Cuppowood-W213012,,Material,Gris Nube Zenit 1S,16
Cuppowood-W213012,,Material,Factory 01 1S,14
Cuppowood-W213012,,Material,Factory 02 1S,14
Cuppowood-W213012,,Material,Sand Gladstone Oak,15
Cuppowood-W213012,,Material,Grey-Beige Gladstone Oak,15
Cuppowood-W213012,,Material,Brown Tossini Elm,15
Cuppowood-W213012,,Material,Tobacco Gladstone Oak,15
Cuppowood-W213012,,Material,Tobacco Halifax Oak,15
Cuppowood-W213012,,Material,Black Halifax Oak,15
Cuppowood-W213012,,Material,Natural Halifax Oak,15
Cuppowood-W213012,,Material,White Halifax Oak,15
Cuppowood-W243012,"30"" High Wall Cabinet 24""W 30""H 12""D (W243012)",Material,Pearl White HG,17
Cuppowood-W243012,,Material,Winter Frost SM,17
Cuppowood-W243012,,Material,Sun Grey HG,17
Cuppowood-W243012,,Material,Sun Grey SM,17
Cuppowood-W243012,,Material,Stone Grey HG,17
Cuppowood-W243012,,Material,Stone Grey SM,17
Cuppowood-W243012,,Material,Eclipse HG,17
Cuppowood-W243012,,Material,Eclipse SM,17
Cuppowood-W243012,,Material,Royal Blue HG,17
Cuppowood-W243012,,Material,Royal Blue SM,17
Cuppowood-W243012,,Material,Majestic HG,17
Cuppowood-W243012,,Material,Majestic SM,17
Cuppowood-W243012,,Material,Brushed Aluminum,13
Cuppowood-W243012,,Material,River Rock,13
Cuppowood-W243012,,Material,Sheer Beauty,13
Cuppowood-W243012,,Material,Fashionista,13
Cuppowood-W243012,,Material,The Chameleon,13
Cuppowood-W243012,,Material,Weekend Getaway,14
Cuppowood-W243012,,Material,Winter Fun,14
Cuppowood-W243012,,Material,Casting at First Light,14
Cuppowood-W243012,,Material,Sugar on Ice,14
Cuppowood-W243012,,Material,Gris Nube HG 1S,18
Cuppowood-W243012,,Material,Olmo HG 1S ,18
Cuppowood-W243012,,Material,Como Ash 01 1S,15
Cuppowood-W243012,,Material,Como Ash 03 1S,15
Cuppowood-W243012,,Material,Ida 01 2S,14
Cuppowood-W243012,,Material,Ida 03 2S,14
Cuppowood-W243012,,Material,Roble Muratti 01 2S,14
Cuppowood-W243012,,Material,Roble Muratti 04 2S,14
Cuppowood-W243012,,Material,Gris Nube Zenit 1S,18
Cuppowood-W243012,,Material,Factory 01 1S,16
Cuppowood-W243012,,Material,Factory 02 1S,16
Cuppowood-W243012,,Material,Sand Gladstone Oak,17
Cuppowood-W243012,,Material,Grey-Beige Gladstone Oak,17
Cuppowood-W243012,,Material,Brown Tossini Elm,17
Cuppowood-W243012,,Material,Tobacco Gladstone Oak,17
Cuppowood-W243012,,Material,Tobacco Halifax Oak,17
Cuppowood-W243012,,Material,Black Halifax Oak,17
Cuppowood-W243012,,Material,Natural Halifax Oak,17
Cuppowood-W243012,,Material,White Halifax Oak,17
Cuppowood-DCW243024,"Diagonal Corner Wall Cabinet 24""W 30""H 24""D (DCW243024)",Material,Pearl White HG,19
Cuppowood-DCW243024,,Material,Winter Frost SM,19
Cuppowood-DCW243024,,Material,Sun Grey HG,19
Cuppowood-DCW243024,,Material,Sun Grey SM,19
Cuppowood-DCW243024,,Material,Stone Grey HG,19
Cuppowood-DCW243024,,Material,Stone Grey SM,19
Cuppowood-DCW243024,,Material,Eclipse HG,19
Cuppowood-DCW243024,,Material,Eclipse SM,19
Cuppowood-DCW243024,,Material,Royal Blue HG,19
Cuppowood-DCW243024,,Material,Royal Blue SM,19
Cuppowood-DCW243024,,Material,Majestic HG,19
Cuppowood-DCW243024,,Material,Majestic SM,19
Cuppowood-DCW243024,,Material,Brushed Aluminum,15
Cuppowood-DCW243024,,Material,River Rock,15
Cuppowood-DCW243024,,Material,Sheer Beauty,15
Cuppowood-DCW243024,,Material,Fashionista,15
Cuppowood-DCW243024,,Material,The Chameleon,15
Cuppowood-DCW243024,,Material,Weekend Getaway,16
Cuppowood-DCW243024,,Material,Winter Fun,16
Cuppowood-DCW243024,,Material,Casting at First Light,16
Cuppowood-DCW243024,,Material,Sugar on Ice,16
Cuppowood-DCW243024,,Material,Gris Nube HG 1S,20
Cuppowood-DCW243024,,Material,Olmo HG 1S ,20
Cuppowood-DCW243024,,Material,Como Ash 01 1S,17
Cuppowood-DCW243024,,Material,Como Ash 03 1S,17
Cuppowood-DCW243024,,Material,Ida 01 2S,16
Cuppowood-DCW243024,,Material,Ida 03 2S,16
Cuppowood-DCW243024,,Material,Roble Muratti 01 2S,16
Cuppowood-DCW243024,,Material,Roble Muratti 04 2S,16
Cuppowood-DCW243024,,Material,Gris Nube Zenit 1S,20
Cuppowood-DCW243024,,Material,Factory 01 1S,18
Cuppowood-DCW243024,,Material,Factory 02 1S,18
Cuppowood-DCW243024,,Material,Sand Gladstone Oak,19
Cuppowood-DCW243024,,Material,Grey-Beige Gladstone Oak,19
Cuppowood-DCW243024,,Material,Brown Tossini Elm,19
Cuppowood-DCW243024,,Material,Tobacco Gladstone Oak,19
Cuppowood-DCW243024,,Material,Tobacco Halifax Oak,19
Cuppowood-DCW243024,,Material,Black Halifax Oak,19
Cuppowood-DCW243024,,Material,Natural Halifax Oak,19
Cuppowood-DCW243024,,Material,White Halifax Oak,19
Cuppowood-DCW243624,"Diagonal Corner Wall Cabinet 24""W 36""H 24""D (DCW243624)",Material,Pearl White HG,21
Cuppowood-DCW243624,,Material,Winter Frost SM,21
Cuppowood-DCW243624,,Material,Sun Grey HG,21
Cuppowood-DCW243624,,Material,Sun Grey SM,21
Cuppowood-DCW243624,,Material,Stone Grey HG,21
Cuppowood-DCW243624,,Material,Stone Grey SM,21
Cuppowood-DCW243624,,Material,Eclipse HG,21
Cuppowood-DCW243624,,Material,Eclipse SM,21
Cuppowood-DCW243624,,Material,Royal Blue HG,21
Cuppowood-DCW243624,,Material,Royal Blue SM,21
Cuppowood-DCW243624,,Material,Majestic HG,21
Cuppowood-DCW243624,,Material,Majestic SM,21
Cuppowood-DCW243624,,Material,Brushed Aluminum,17
Cuppowood-DCW243624,,Material,River Rock,17
Cuppowood-DCW243624,,Material,Sheer Beauty,17
Cuppowood-DCW243624,,Material,Fashionista,17
Cuppowood-DCW243624,,Material,The Chameleon,17
Cuppowood-DCW243624,,Material,Weekend Getaway,18
Cuppowood-DCW243624,,Material,Winter Fun,18
Cuppowood-DCW243624,,Material,Casting at First Light,18
Cuppowood-DCW243624,,Material,Sugar on Ice,18
Cuppowood-DCW243624,,Material,Gris Nube HG 1S,22
Cuppowood-DCW243624,,Material,Olmo HG 1S ,22
Cuppowood-DCW243624,,Material,Como Ash 01 1S,19
Cuppowood-DCW243624,,Material,Como Ash 03 1S,19
Cuppowood-DCW243624,,Material,Ida 01 2S,18
Cuppowood-DCW243624,,Material,Ida 03 2S,18
Cuppowood-DCW243624,,Material,Roble Muratti 01 2S,18
Cuppowood-DCW243624,,Material,Roble Muratti 04 2S,18
Cuppowood-DCW243624,,Material,Gris Nube Zenit 1S,22
Cuppowood-DCW243624,,Material,Factory 01 1S,20
Cuppowood-DCW243624,,Material,Factory 02 1S,20
Cuppowood-DCW243624,,Material,Sand Gladstone Oak,21
Cuppowood-DCW243624,,Material,Grey-Beige Gladstone Oak,21
Cuppowood-DCW243624,,Material,Brown Tossini Elm,21
Cuppowood-DCW243624,,Material,Tobacco Gladstone Oak,21
Cuppowood-DCW243624,,Material,Tobacco Halifax Oak,21
Cuppowood-DCW243624,,Material,Black Halifax Oak,21
Cuppowood-DCW243624,,Material,Natural Halifax Oak,21
Cuppowood-DCW243624,,Material,White Halifax Oak,21
Cuppowood-DCW243924,"Diagonal Corner Wall Cabinet 24""W 39""H 24""D (DCW243924)",Material,Pearl White HG,23
Cuppowood-DCW243924,,Material,Winter Frost SM,23
Cuppowood-DCW243924,,Material,Sun Grey HG,23
Cuppowood-DCW243924,,Material,Sun Grey SM,23
Cuppowood-DCW243924,,Material,Stone Grey HG,23
Cuppowood-DCW243924,,Material,Stone Grey SM,23
Cuppowood-DCW243924,,Material,Eclipse HG,23
Cuppowood-DCW243924,,Material,Eclipse SM,23
Cuppowood-DCW243924,,Material,Royal Blue HG,23
Cuppowood-DCW243924,,Material,Royal Blue SM,23
Cuppowood-DCW243924,,Material,Majestic HG,23
Cuppowood-DCW243924,,Material,Majestic SM,23
Cuppowood-DCW243924,,Material,Brushed Aluminum,19
Cuppowood-DCW243924,,Material,River Rock,19
Cuppowood-DCW243924,,Material,Sheer Beauty,19
Cuppowood-DCW243924,,Material,Fashionista,19
Cuppowood-DCW243924,,Material,The Chameleon,19
Cuppowood-DCW243924,,Material,Weekend Getaway,20
Cuppowood-DCW243924,,Material,Winter Fun,20
Cuppowood-DCW243924,,Material,Casting at First Light,20
Cuppowood-DCW243924,,Material,Sugar on Ice,20
Cuppowood-DCW243924,,Material,Gris Nube HG 1S,24
Cuppowood-DCW243924,,Material,Olmo HG 1S ,24
Cuppowood-DCW243924,,Material,Como Ash 01 1S,21
Cuppowood-DCW243924,,Material,Como Ash 03 1S,21
Cuppowood-DCW243924,,Material,Ida 01 2S,20
Cuppowood-DCW243924,,Material,Ida 03 2S,20
Cuppowood-DCW243924,,Material,Roble Muratti 01 2S,20
Cuppowood-DCW243924,,Material,Roble Muratti 04 2S,20
Cuppowood-DCW243924,,Material,Gris Nube Zenit 1S,24
Cuppowood-DCW243924,,Material,Factory 01 1S,22
Cuppowood-DCW243924,,Material,Factory 02 1S,22
Cuppowood-DCW243924,,Material,Sand Gladstone Oak,23
Cuppowood-DCW243924,,Material,Grey-Beige Gladstone Oak,23
Cuppowood-DCW243924,,Material,Brown Tossini Elm,23
Cuppowood-DCW243924,,Material,Tobacco Gladstone Oak,23
Cuppowood-DCW243924,,Material,Tobacco Halifax Oak,23
Cuppowood-DCW243924,,Material,Black Halifax Oak,23
Cuppowood-DCW243924,,Material,Natural Halifax Oak,23
Cuppowood-DCW243924,,Material,White Halifax Oak,23
Cuppowood-DCW244224,"Diagonal Corner Wall Cabinet 24""W 42""H 24""D (DCW244224)",Material,Pearl White HG,25
Cuppowood-DCW244224,,Material,Winter Frost SM,25
Cuppowood-DCW244224,,Material,Sun Grey HG,25
Cuppowood-DCW244224,,Material,Sun Grey SM,25
Cuppowood-DCW244224,,Material,Stone Grey HG,25
Cuppowood-DCW244224,,Material,Stone Grey SM,25
Cuppowood-DCW244224,,Material,Eclipse HG,25
Cuppowood-DCW244224,,Material,Eclipse SM,25
Cuppowood-DCW244224,,Material,Royal Blue HG,25
Cuppowood-DCW244224,,Material,Royal Blue SM,25
Cuppowood-DCW244224,,Material,Majestic HG,25
Cuppowood-DCW244224,,Material,Majestic SM,25
Cuppowood-DCW244224,,Material,Brushed Aluminum,21
Cuppowood-DCW244224,,Material,River Rock,21
Cuppowood-DCW244224,,Material,Sheer Beauty,21
Cuppowood-DCW244224,,Material,Fashionista,21
Cuppowood-DCW244224,,Material,The Chameleon,21
Cuppowood-DCW244224,,Material,Weekend Getaway,22
Cuppowood-DCW244224,,Material,Winter Fun,22
Cuppowood-DCW244224,,Material,Casting at First Light,22
Cuppowood-DCW244224,,Material,Sugar on Ice,22
Cuppowood-DCW244224,,Material,Gris Nube HG 1S,26
Cuppowood-DCW244224,,Material,Olmo HG 1S ,26
Cuppowood-DCW244224,,Material,Como Ash 01 1S,23
Cuppowood-DCW244224,,Material,Como Ash 03 1S,23
Cuppowood-DCW244224,,Material,Ida 01 2S,22
Cuppowood-DCW244224,,Material,Ida 03 2S,22
Cuppowood-DCW244224,,Material,Roble Muratti 01 2S,22
Cuppowood-DCW244224,,Material,Roble Muratti 04 2S,22
Cuppowood-DCW244224,,Material,Gris Nube Zenit 1S,26
Cuppowood-DCW244224,,Material,Factory 01 1S,24
Cuppowood-DCW244224,,Material,Factory 02 1S,24
Cuppowood-DCW244224,,Material,Sand Gladstone Oak,25
Cuppowood-DCW244224,,Material,Grey-Beige Gladstone Oak,25
Cuppowood-DCW244224,,Material,Brown Tossini Elm,25
Cuppowood-DCW244224,,Material,Tobacco Gladstone Oak,25
Cuppowood-DCW244224,,Material,Tobacco Halifax Oak,25
Cuppowood-DCW244224,,Material,Black Halifax Oak,25
Cuppowood-DCW244224,,Material,Natural Halifax Oak,25
Cuppowood-DCW244224,,Material,White Halifax Oak,25
Cuppowood-PCCW243024,"Pie Cut Corner Wall Cabinet 24""W 30""H 24""D (PCCW243024)",Material,Pearl White HG,27
Cuppowood-PCCW243024,,Material,Winter Frost SM,27
Cuppowood-PCCW243024,,Material,Sun Grey HG,27
Cuppowood-PCCW243024,,Material,Sun Grey SM,27
Cuppowood-PCCW243024,,Material,Stone Grey HG,27
Cuppowood-PCCW243024,,Material,Stone Grey SM,27
Cuppowood-PCCW243024,,Material,Eclipse HG,27
Cuppowood-PCCW243024,,Material,Eclipse SM,27
Cuppowood-PCCW243024,,Material,Royal Blue HG,27
Cuppowood-PCCW243024,,Material,Royal Blue SM,27
Cuppowood-PCCW243024,,Material,Majestic HG,27
Cuppowood-PCCW243024,,Material,Majestic SM,27
Cuppowood-PCCW243024,,Material,Brushed Aluminum,23
Cuppowood-PCCW243024,,Material,River Rock,23
Cuppowood-PCCW243024,,Material,Sheer Beauty,23
Cuppowood-PCCW243024,,Material,Fashionista,23
Cuppowood-PCCW243024,,Material,The Chameleon,23
Cuppowood-PCCW243024,,Material,Weekend Getaway,24
Cuppowood-PCCW243024,,Material,Winter Fun,24
Cuppowood-PCCW243024,,Material,Casting at First Light,24
Cuppowood-PCCW243024,,Material,Sugar on Ice,24
Cuppowood-PCCW243024,,Material,Gris Nube HG 1S,28
Cuppowood-PCCW243024,,Material,Olmo HG 1S ,28
Cuppowood-PCCW243024,,Material,Como Ash 01 1S,25
Cuppowood-PCCW243024,,Material,Como Ash 03 1S,25
Cuppowood-PCCW243024,,Material,Ida 01 2S,24
Cuppowood-PCCW243024,,Material,Ida 03 2S,24
Cuppowood-PCCW243024,,Material,Roble Muratti 01 2S,24
Cuppowood-PCCW243024,,Material,Roble Muratti 04 2S,24
Cuppowood-PCCW243024,,Material,Gris Nube Zenit 1S,28
Cuppowood-PCCW243024,,Material,Factory 01 1S,26
Cuppowood-PCCW243024,,Material,Factory 02 1S,26
Cuppowood-PCCW243024,,Material,Sand Gladstone Oak,27
Cuppowood-PCCW243024,,Material,Grey-Beige Gladstone Oak,27
Cuppowood-PCCW243024,,Material,Brown Tossini Elm,27
Cuppowood-PCCW243024,,Material,Tobacco Gladstone Oak,27
Cuppowood-PCCW243024,,Material,Tobacco Halifax Oak,27
Cuppowood-PCCW243024,,Material,Black Halifax Oak,27
Cuppowood-PCCW243024,,Material,Natural Halifax Oak,27
Cuppowood-PCCW243024,,Material,White Halifax Oak,27
Cuppowood-PCCW243624,"Pie Cut Corner Wall Cabinet 24""W 36""H 24""D (PCCW243624)",Material,Pearl White HG,29
Cuppowood-PCCW243624,,Material,Winter Frost SM,29
Cuppowood-PCCW243624,,Material,Sun Grey HG,29
Cuppowood-PCCW243624,,Material,Sun Grey SM,29
Cuppowood-PCCW243624,,Material,Stone Grey HG,29
Cuppowood-PCCW243624,,Material,Stone Grey SM,29
Cuppowood-PCCW243624,,Material,Eclipse HG,29
Cuppowood-PCCW243624,,Material,Eclipse SM,29
Cuppowood-PCCW243624,,Material,Royal Blue HG,29
Cuppowood-PCCW243624,,Material,Royal Blue SM,29
Cuppowood-PCCW243624,,Material,Majestic HG,29
Cuppowood-PCCW243624,,Material,Majestic SM,29
Cuppowood-PCCW243624,,Material,Brushed Aluminum,25
Cuppowood-PCCW243624,,Material,River Rock,25
Cuppowood-PCCW243624,,Material,Sheer Beauty,25
Cuppowood-PCCW243624,,Material,Fashionista,25
Cuppowood-PCCW243624,,Material,The Chameleon,25
Cuppowood-PCCW243624,,Material,Weekend Getaway,26
Cuppowood-PCCW243624,,Material,Winter Fun,26
Cuppowood-PCCW243624,,Material,Casting at First Light,26
Cuppowood-PCCW243624,,Material,Sugar on Ice,26
Cuppowood-PCCW243624,,Material,Gris Nube HG 1S,30
Cuppowood-PCCW243624,,Material,Olmo HG 1S ,30
Cuppowood-PCCW243624,,Material,Como Ash 01 1S,27
Cuppowood-PCCW243624,,Material,Como Ash 03 1S,27
Cuppowood-PCCW243624,,Material,Ida 01 2S,26
Cuppowood-PCCW243624,,Material,Ida 03 2S,26
Cuppowood-PCCW243624,,Material,Roble Muratti 01 2S,26
Cuppowood-PCCW243624,,Material,Roble Muratti 04 2S,26
Cuppowood-PCCW243624,,Material,Gris Nube Zenit 1S,30
Cuppowood-PCCW243624,,Material,Factory 01 1S,28
Cuppowood-PCCW243624,,Material,Factory 02 1S,28
Cuppowood-PCCW243624,,Material,Sand Gladstone Oak,29
Cuppowood-PCCW243624,,Material,Grey-Beige Gladstone Oak,29
Cuppowood-PCCW243624,,Material,Brown Tossini Elm,29
Cuppowood-PCCW243624,,Material,Tobacco Gladstone Oak,29
Cuppowood-PCCW243624,,Material,Tobacco Halifax Oak,29
Cuppowood-PCCW243624,,Material,Black Halifax Oak,29
Cuppowood-PCCW243624,,Material,Natural Halifax Oak,29
Cuppowood-PCCW243624,,Material,White Halifax Oak,29
Cuppowood-B33_BOT 1 RO,"Base Cabinet (1RO) 33""W 34.5""H 24""D (B33_BOT 1 RO)",Material,Pearl White HG,31
Cuppowood-B33_BOT 1 RO,,Material,Winter Frost SM,31
Cuppowood-B33_BOT 1 RO,,Material,Sun Grey HG,31
Cuppowood-B33_BOT 1 RO,,Material,Sun Grey SM,31
Cuppowood-B33_BOT 1 RO,,Material,Stone Grey HG,31
Cuppowood-B33_BOT 1 RO,,Material,Stone Grey SM,31
Cuppowood-B33_BOT 1 RO,,Material,Eclipse HG,31
Cuppowood-B33_BOT 1 RO,,Material,Eclipse SM,31
Cuppowood-B33_BOT 1 RO,,Material,Royal Blue HG,31
Cuppowood-B33_BOT 1 RO,,Material,Royal Blue SM,31
Cuppowood-B33_BOT 1 RO,,Material,Majestic HG,31
Cuppowood-B33_BOT 1 RO,,Material,Majestic SM,31
Cuppowood-B33_BOT 1 RO,,Material,Brushed Aluminum,27
Cuppowood-B33_BOT 1 RO,,Material,River Rock,27
Cuppowood-B33_BOT 1 RO,,Material,Sheer Beauty,27
Cuppowood-B33_BOT 1 RO,,Material,Fashionista,27
Cuppowood-B33_BOT 1 RO,,Material,The Chameleon,27
Cuppowood-B33_BOT 1 RO,,Material,Weekend Getaway,28
Cuppowood-B33_BOT 1 RO,,Material,Winter Fun,28
Cuppowood-B33_BOT 1 RO,,Material,Casting at First Light,28
Cuppowood-B33_BOT 1 RO,,Material,Sugar on Ice,28
Cuppowood-B33_BOT 1 RO,,Material,Gris Nube HG 1S,32
Cuppowood-B33_BOT 1 RO,,Material,Olmo HG 1S ,32
Cuppowood-B33_BOT 1 RO,,Material,Como Ash 01 1S,29
Cuppowood-B33_BOT 1 RO,,Material,Como Ash 03 1S,29
Cuppowood-B33_BOT 1 RO,,Material,Ida 01 2S,28
Cuppowood-B33_BOT 1 RO,,Material,Ida 03 2S,28
Cuppowood-B33_BOT 1 RO,,Material,Roble Muratti 01 2S,28
Cuppowood-B33_BOT 1 RO,,Material,Roble Muratti 04 2S,28
Cuppowood-B33_BOT 1 RO,,Material,Gris Nube Zenit 1S,32
Cuppowood-B33_BOT 1 RO,,Material,Factory 01 1S,30
Cuppowood-B33_BOT 1 RO,,Material,Factory 02 1S,30
Cuppowood-B33_BOT 1 RO,,Material,Sand Gladstone Oak,31
Cuppowood-B33_BOT 1 RO,,Material,Grey-Beige Gladstone Oak,31
Cuppowood-B33_BOT 1 RO,,Material,Brown Tossini Elm,31
Cuppowood-B33_BOT 1 RO,,Material,Tobacco Gladstone Oak,31
Cuppowood-B33_BOT 1 RO,,Material,Tobacco Halifax Oak,31
Cuppowood-B33_BOT 1 RO,,Material,Black Halifax Oak,31
Cuppowood-B33_BOT 1 RO,,Material,Natural Halifax Oak,31
Cuppowood-B33_BOT 1 RO,,Material,White Halifax Oak,31
Cuppowood-B36_BOT 1 RO,"Base Cabinet (1RO) 36""W 34.5""H 24""D (B36_BOT 1 RO)",Material,Pearl White HG,33
Cuppowood-B36_BOT 1 RO,,Material,Winter Frost SM,33
Cuppowood-B36_BOT 1 RO,,Material,Sun Grey HG,33
Cuppowood-B36_BOT 1 RO,,Material,Sun Grey SM,33
Cuppowood-B36_BOT 1 RO,,Material,Stone Grey HG,33
Cuppowood-B36_BOT 1 RO,,Material,Stone Grey SM,33
Cuppowood-B36_BOT 1 RO,,Material,Eclipse HG,33
Cuppowood-B36_BOT 1 RO,,Material,Eclipse SM,33
Cuppowood-B36_BOT 1 RO,,Material,Royal Blue HG,33
Cuppowood-B36_BOT 1 RO,,Material,Royal Blue SM,33
Cuppowood-B36_BOT 1 RO,,Material,Majestic HG,33
Cuppowood-B36_BOT 1 RO,,Material,Majestic SM,33
Cuppowood-B36_BOT 1 RO,,Material,Brushed Aluminum,29
Cuppowood-B36_BOT 1 RO,,Material,River Rock,29
Cuppowood-B36_BOT 1 RO,,Material,Sheer Beauty,29
Cuppowood-B36_BOT 1 RO,,Material,Fashionista,29
Cuppowood-B36_BOT 1 RO,,Material,The Chameleon,29
Cuppowood-B36_BOT 1 RO,,Material,Weekend Getaway,30
Cuppowood-B36_BOT 1 RO,,Material,Winter Fun,30
Cuppowood-B36_BOT 1 RO,,Material,Casting at First Light,30
Cuppowood-B36_BOT 1 RO,,Material,Sugar on Ice,30
Cuppowood-B36_BOT 1 RO,,Material,Gris Nube HG 1S,34
Cuppowood-B36_BOT 1 RO,,Material,Olmo HG 1S ,34
Cuppowood-B36_BOT 1 RO,,Material,Como Ash 01 1S,31
Cuppowood-B36_BOT 1 RO,,Material,Como Ash 03 1S,31
Cuppowood-B36_BOT 1 RO,,Material,Ida 01 2S,30
Cuppowood-B36_BOT 1 RO,,Material,Ida 03 2S,30
Cuppowood-B36_BOT 1 RO,,Material,Roble Muratti 01 2S,30
Cuppowood-B36_BOT 1 RO,,Material,Roble Muratti 04 2S,30
Cuppowood-B36_BOT 1 RO,,Material,Gris Nube Zenit 1S,34
Cuppowood-B36_BOT 1 RO,,Material,Factory 01 1S,32
Cuppowood-B36_BOT 1 RO,,Material,Factory 02 1S,32
Cuppowood-B36_BOT 1 RO,,Material,Sand Gladstone Oak,33
Cuppowood-B36_BOT 1 RO,,Material,Grey-Beige Gladstone Oak,33
Cuppowood-B36_BOT 1 RO,,Material,Brown Tossini Elm,33
Cuppowood-B36_BOT 1 RO,,Material,Tobacco Gladstone Oak,33
Cuppowood-B36_BOT 1 RO,,Material,Tobacco Halifax Oak,33
Cuppowood-B36_BOT 1 RO,,Material,Black Halifax Oak,33
Cuppowood-B36_BOT 1 RO,,Material,Natural Halifax Oak,33
Cuppowood-B36_BOT 1 RO,,Material,White Halifax Oak,33
Cuppowood-B12_BOT 2 RO,"Base Cabinet (2RO) 12""W 34.5""H 24""D (B12_BOT 2 RO)",Material,Pearl White HG,35
Cuppowood-B12_BOT 2 RO,,Material,Winter Frost SM,35
Cuppowood-B12_BOT 2 RO,,Material,Sun Grey HG,35
Cuppowood-B12_BOT 2 RO,,Material,Sun Grey SM,35
Cuppowood-B12_BOT 2 RO,,Material,Stone Grey HG,35
Cuppowood-B12_BOT 2 RO,,Material,Stone Grey SM,35
Cuppowood-B12_BOT 2 RO,,Material,Eclipse HG,35
Cuppowood-B12_BOT 2 RO,,Material,Eclipse SM,35
Cuppowood-B12_BOT 2 RO,,Material,Royal Blue HG,35
Cuppowood-B12_BOT 2 RO,,Material,Royal Blue SM,35
Cuppowood-B12_BOT 2 RO,,Material,Majestic HG,35
Cuppowood-B12_BOT 2 RO,,Material,Majestic SM,35
Cuppowood-B12_BOT 2 RO,,Material,Brushed Aluminum,31
Cuppowood-B12_BOT 2 RO,,Material,River Rock,31
Cuppowood-B12_BOT 2 RO,,Material,Sheer Beauty,31
Cuppowood-B12_BOT 2 RO,,Material,Fashionista,31
Cuppowood-B12_BOT 2 RO,,Material,The Chameleon,31
Cuppowood-B12_BOT 2 RO,,Material,Weekend Getaway,32
Cuppowood-B12_BOT 2 RO,,Material,Winter Fun,32
Cuppowood-B12_BOT 2 RO,,Material,Casting at First Light,32
Cuppowood-B12_BOT 2 RO,,Material,Sugar on Ice,32
Cuppowood-B12_BOT 2 RO,,Material,Gris Nube HG 1S,36
Cuppowood-B12_BOT 2 RO,,Material,Olmo HG 1S ,36
Cuppowood-B12_BOT 2 RO,,Material,Como Ash 01 1S,33
Cuppowood-B12_BOT 2 RO,,Material,Como Ash 03 1S,33
Cuppowood-B12_BOT 2 RO,,Material,Ida 01 2S,32
Cuppowood-B12_BOT 2 RO,,Material,Ida 03 2S,32
Cuppowood-B12_BOT 2 RO,,Material,Roble Muratti 01 2S,32
Cuppowood-B12_BOT 2 RO,,Material,Roble Muratti 04 2S,32
Cuppowood-B12_BOT 2 RO,,Material,Gris Nube Zenit 1S,36
Cuppowood-B12_BOT 2 RO,,Material,Factory 01 1S,34
Cuppowood-B12_BOT 2 RO,,Material,Factory 02 1S,34
Cuppowood-B12_BOT 2 RO,,Material,Sand Gladstone Oak,35
Cuppowood-B12_BOT 2 RO,,Material,Grey-Beige Gladstone Oak,35
Cuppowood-B12_BOT 2 RO,,Material,Brown Tossini Elm,35
Cuppowood-B12_BOT 2 RO,,Material,Tobacco Gladstone Oak,35
Cuppowood-B12_BOT 2 RO,,Material,Tobacco Halifax Oak,35
Cuppowood-B12_BOT 2 RO,,Material,Black Halifax Oak,35
Cuppowood-B12_BOT 2 RO,,Material,Natural Halifax Oak,35
Cuppowood-B12_BOT 2 RO,,Material,White Halifax Oak,35
Cuppowood-SB24,"Sink Base Cabinet 24""W 34.5""H 24""D (SB24)",Material,Pearl White HG,466.77
Cuppowood-SB24,,Material,Winter Frost SM,466.77
Cuppowood-SB24,,Material,Sun Grey HG,466.77
Cuppowood-SB24,,Material,Sun Grey SM,466.77
Cuppowood-SB24,,Material,Stone Grey HG,466.77
Cuppowood-SB24,,Material,Stone Grey SM,466.77
Cuppowood-SB24,,Material,Eclipse HG,466.77
Cuppowood-SB24,,Material,Eclipse SM,466.77
Cuppowood-SB24,,Material,Royal Blue HG,466.77
Cuppowood-SB24,,Material,Royal Blue SM,466.77
Cuppowood-SB24,,Material,Majestic HG,466.77
Cuppowood-SB24,,Material,Majestic SM,466.77
Cuppowood-SB24,,Material,Brushed Aluminum,407.61
Cuppowood-SB24,,Material,River Rock,407.61
Cuppowood-SB24,,Material,Sheer Beauty,407.61
Cuppowood-SB24,,Material,Fashionista,407.61
Cuppowood-SB24,,Material,The Chameleon,407.61
Cuppowood-SB24,,Material,Weekend Getaway,417.5
Cuppowood-SB24,,Material,Winter Fun,417.5
Cuppowood-SB24,,Material,Casting at First Light,417.5
Cuppowood-SB24,,Material,Sugar on Ice,417.5
Cuppowood-SB24,,Material,Gris Nube HG 1S,535.68
Cuppowood-SB24,,Material,Olmo HG 1S ,535.68
Cuppowood-SB24,,Material,Como Ash 01 1S,438.85
Cuppowood-SB24,,Material,Como Ash 03 1S,438.85
Cuppowood-SB24,,Material,Ida 01 2S,417.5
Cuppowood-SB24,,Material,Ida 03 2S,417.5
Cuppowood-SB24,,Material,Roble Muratti 01 2S,417.5
Cuppowood-SB24,,Material,Roble Muratti 04 2S,417.5
Cuppowood-SB24,,Material,Gris Nube Zenit 1S,535.68
Cuppowood-SB24,,Material,Factory 01 1S,446.3
Cuppowood-SB24,,Material,Factory 02 1S,446.3
Cuppowood-SB24,,Material,Sand Gladstone Oak,466.77
Cuppowood-SB24,,Material,Grey-Beige Gladstone Oak,466.77
Cuppowood-SB24,,Material,Brown Tossini Elm,466.77
Cuppowood-SB24,,Material,Tobacco Gladstone Oak,466.77
Cuppowood-SB24,,Material,Tobacco Halifax Oak,466.77
Cuppowood-SB24,,Material,Black Halifax Oak,466.77
Cuppowood-SB24,,Material,Natural Halifax Oak,466.77
Cuppowood-SB24,,Material,White Halifax Oak,466.77
Cuppowood-SB27,"Sink Base Cabinet 27""W 34.5""H 24""D (SB27)",Material,Pearl White HG,35
Cuppowood-SB27,,Material,Winter Frost SM,35
Cuppowood-SB27,,Material,Sun Grey HG,35
Cuppowood-SB27,,Material,Sun Grey SM,35
Cuppowood-SB27,,Material,Stone Grey HG,35
Cuppowood-SB27,,Material,Stone Grey SM,35
Cuppowood-SB27,,Material,Eclipse HG,35
Cuppowood-SB27,,Material,Eclipse SM,35
Cuppowood-SB27,,Material,Royal Blue HG,35
Cuppowood-SB27,,Material,Royal Blue SM,35
Cuppowood-SB27,,Material,Majestic HG,35
Cuppowood-SB27,,Material,Majestic SM,35
Cuppowood-SB27,,Material,Brushed Aluminum,31
Cuppowood-SB27,,Material,River Rock,31
Cuppowood-SB27,,Material,Sheer Beauty,31
Cuppowood-SB27,,Material,Fashionista,31
Cuppowood-SB27,,Material,The Chameleon,31
Cuppowood-SB27,,Material,Weekend Getaway,32
Cuppowood-SB27,,Material,Winter Fun,32
Cuppowood-SB27,,Material,Casting at First Light,32
Cuppowood-SB27,,Material,Sugar on Ice,32
Cuppowood-SB27,,Material,Gris Nube HG 1S,36
Cuppowood-SB27,,Material,Olmo HG 1S ,36
Cuppowood-SB27,,Material,Como Ash 01 1S,33
Cuppowood-SB27,,Material,Como Ash 03 1S,33
Cuppowood-SB27,,Material,Ida 01 2S,32
Cuppowood-SB27,,Material,Ida 03 2S,32
Cuppowood-SB27,,Material,Roble Muratti 01 2S,32
Cuppowood-SB27,,Material,Roble Muratti 04 2S,32
Cuppowood-SB27,,Material,Gris Nube Zenit 1S,36
Cuppowood-SB27,,Material,Factory 01 1S,34
Cuppowood-SB27,,Material,Factory 02 1S,34
Cuppowood-SB27,,Material,Sand Gladstone Oak,35
Cuppowood-SB27,,Material,Grey-Beige Gladstone Oak,35
Cuppowood-SB27,,Material,Brown Tossini Elm,35
Cuppowood-SB27,,Material,Tobacco Gladstone Oak,35
Cuppowood-SB27,,Material,Tobacco Halifax Oak,35
Cuppowood-SB27,,Material,Black Halifax Oak,35
Cuppowood-SB27,,Material,Natural Halifax Oak,35
Cuppowood-SB27,,Material,White Halifax Oak,35
Cuppowood-FSB39,"Farm Sink Base Cabinet 39""W 34.5""H 24""D (FSB39)",Material,Pearl White HG,560.03
Cuppowood-FSB39,,Material,Winter Frost SM,560.03
Cuppowood-FSB39,,Material,Sun Grey HG,560.03
Cuppowood-FSB39,,Material,Sun Grey SM,560.03
Cuppowood-FSB39,,Material,Stone Grey HG,560.03
Cuppowood-FSB39,,Material,Stone Grey SM,560.03
Cuppowood-FSB39,,Material,Eclipse HG,560.03
Cuppowood-FSB39,,Material,Eclipse SM,560.03
Cuppowood-FSB39,,Material,Royal Blue HG,560.03
Cuppowood-FSB39,,Material,Royal Blue SM,560.03
Cuppowood-FSB39,,Material,Majestic HG,560.03
Cuppowood-FSB39,,Material,Majestic SM,560.03
Cuppowood-FSB39,,Material,Brushed Aluminum,503.24
Cuppowood-FSB39,,Material,River Rock,503.24
Cuppowood-FSB39,,Material,Sheer Beauty,503.24
Cuppowood-FSB39,,Material,Fashionista,503.24
Cuppowood-FSB39,,Material,The Chameleon,503.24
Cuppowood-FSB39,,Material,Weekend Getaway,513.21
Cuppowood-FSB39,,Material,Winter Fun,513.21
Cuppowood-FSB39,,Material,Casting at First Light,513.21
Cuppowood-FSB39,,Material,Sugar on Ice,513.21
Cuppowood-FSB39,,Material,Gris Nube HG 1S,636.16
Cuppowood-FSB39,,Material,Olmo HG 1S ,636.16
Cuppowood-FSB39,,Material,Como Ash 01 1S,532.24
Cuppowood-FSB39,,Material,Como Ash 03 1S,532.24
Cuppowood-FSB39,,Material,Ida 01 2S,513.21
Cuppowood-FSB39,,Material,Ida 03 2S,513.21
Cuppowood-FSB39,,Material,Roble Muratti 01 2S,513.21
Cuppowood-FSB39,,Material,Roble Muratti 04 2S,513.21
Cuppowood-FSB39,,Material,Gris Nube Zenit 1S,636.16
Cuppowood-FSB39,,Material,Factory 01 1S,539.65
Cuppowood-FSB39,,Material,Factory 02 1S,539.65
Cuppowood-FSB39,,Material,Sand Gladstone Oak,560.03
Cuppowood-FSB39,,Material,Grey-Beige Gladstone Oak,560.03
Cuppowood-FSB39,,Material,Brown Tossini Elm,560.03
Cuppowood-FSB39,,Material,Tobacco Gladstone Oak,560.03
Cuppowood-FSB39,,Material,Tobacco Halifax Oak,560.03
Cuppowood-FSB39,,Material,Black Halifax Oak,560.03
Cuppowood-FSB39,,Material,Natural Halifax Oak,560.03
Cuppowood-FSB39,,Material,White Halifax Oak,560.03
Cuppowood-MWB30,"Microwave Base Cabinet 30""W 34.5""H 24""D (MWB30)",Material,Pearl White HG,37
Cuppowood-MWB30,,Material,Winter Frost SM,37
Cuppowood-MWB30,,Material,Sun Grey HG,37
Cuppowood-MWB30,,Material,Sun Grey SM,37
Cuppowood-MWB30,,Material,Stone Grey HG,37
Cuppowood-MWB30,,Material,Stone Grey SM,37
Cuppowood-MWB30,,Material,Eclipse HG,37
Cuppowood-MWB30,,Material,Eclipse SM,37
Cuppowood-MWB30,,Material,Royal Blue HG,37
Cuppowood-MWB30,,Material,Royal Blue SM,37
Cuppowood-MWB30,,Material,Majestic HG,37
Cuppowood-MWB30,,Material,Majestic SM,37
Cuppowood-MWB30,,Material,Brushed Aluminum,33
Cuppowood-MWB30,,Material,River Rock,33
Cuppowood-MWB30,,Material,Sheer Beauty,33
Cuppowood-MWB30,,Material,Fashionista,33
Cuppowood-MWB30,,Material,The Chameleon,33
Cuppowood-MWB30,,Material,Weekend Getaway,34
Cuppowood-MWB30,,Material,Winter Fun,34
Cuppowood-MWB30,,Material,Casting at First Light,34
Cuppowood-MWB30,,Material,Sugar on Ice,34
Cuppowood-MWB30,,Material,Gris Nube HG 1S,38
Cuppowood-MWB30,,Material,Olmo HG 1S ,38
Cuppowood-MWB30,,Material,Como Ash 01 1S,35
Cuppowood-MWB30,,Material,Como Ash 03 1S,35
Cuppowood-MWB30,,Material,Ida 01 2S,34
Cuppowood-MWB30,,Material,Ida 03 2S,34
Cuppowood-MWB30,,Material,Roble Muratti 01 2S,34
Cuppowood-MWB30,,Material,Roble Muratti 04 2S,34
Cuppowood-MWB30,,Material,Gris Nube Zenit 1S,38
Cuppowood-MWB30,,Material,Factory 01 1S,36
Cuppowood-MWB30,,Material,Factory 02 1S,36
Cuppowood-MWB30,,Material,Sand Gladstone Oak,37
Cuppowood-MWB30,,Material,Grey-Beige Gladstone Oak,37
Cuppowood-MWB30,,Material,Brown Tossini Elm,37
Cuppowood-MWB30,,Material,Tobacco Gladstone Oak,37
Cuppowood-MWB30,,Material,Tobacco Halifax Oak,37
Cuppowood-MWB30,,Material,Black Halifax Oak,37
Cuppowood-MWB30,,Material,Natural Halifax Oak,37
Cuppowood-MWB30,,Material,White Halifax Oak,37
Cuppowood-OVPC 308424,"Oven Pantry 30""W 84""H 24""D (OVPC 308424)",Material,Pearl White HG,39
Cuppowood-OVPC 308424,,Material,Winter Frost SM,39
Cuppowood-OVPC 308424,,Material,Sun Grey HG,39
Cuppowood-OVPC 308424,,Material,Sun Grey SM,39
Cuppowood-OVPC 308424,,Material,Stone Grey HG,39
Cuppowood-OVPC 308424,,Material,Stone Grey SM,39
Cuppowood-OVPC 308424,,Material,Eclipse HG,39
Cuppowood-OVPC 308424,,Material,Eclipse SM,39
Cuppowood-OVPC 308424,,Material,Royal Blue HG,39
Cuppowood-OVPC 308424,,Material,Royal Blue SM,39
Cuppowood-OVPC 308424,,Material,Majestic HG,39
Cuppowood-OVPC 308424,,Material,Majestic SM,39
Cuppowood-OVPC 308424,,Material,Brushed Aluminum,35
Cuppowood-OVPC 308424,,Material,River Rock,35
Cuppowood-OVPC 308424,,Material,Sheer Beauty,35
Cuppowood-OVPC 308424,,Material,Fashionista,35
Cuppowood-OVPC 308424,,Material,The Chameleon,35
Cuppowood-OVPC 308424,,Material,Weekend Getaway,36
Cuppowood-OVPC 308424,,Material,Winter Fun,36
Cuppowood-OVPC 308424,,Material,Casting at First Light,36
Cuppowood-OVPC 308424,,Material,Sugar on Ice,36
Cuppowood-OVPC 308424,,Material,Gris Nube HG 1S,40
Cuppowood-OVPC 308424,,Material,Olmo HG 1S ,40
Cuppowood-OVPC 308424,,Material,Como Ash 01 1S,37
Cuppowood-OVPC 308424,,Material,Como Ash 03 1S,37
Cuppowood-OVPC 308424,,Material,Ida 01 2S,36
Cuppowood-OVPC 308424,,Material,Ida 03 2S,36
Cuppowood-OVPC 308424,,Material,Roble Muratti 01 2S,36
Cuppowood-OVPC 308424,,Material,Roble Muratti 04 2S,36
Cuppowood-OVPC 308424,,Material,Gris Nube Zenit 1S,40
Cuppowood-OVPC 308424,,Material,Factory 01 1S,38
Cuppowood-OVPC 308424,,Material,Factory 02 1S,38
Cuppowood-OVPC 308424,,Material,Sand Gladstone Oak,39
Cuppowood-OVPC 308424,,Material,Grey-Beige Gladstone Oak,39
Cuppowood-OVPC 308424,,Material,Brown Tossini Elm,39
Cuppowood-OVPC 308424,,Material,Tobacco Gladstone Oak,39
Cuppowood-OVPC 308424,,Material,Tobacco Halifax Oak,39
Cuppowood-OVPC 308424,,Material,Black Halifax Oak,39
Cuppowood-OVPC 308424,,Material,Natural Halifax Oak,39
Cuppowood-OVPC 308424,,Material,White Halifax Oak,39
